respondent_id,survey_date,age_group,segment,region,gender,purchase_frequency,price_sensitivity,nps,top_pain_point,verbatim,data_notice
R0001,2026-05-10,25-27,Value Seekers,Midwest,Woman,Every 2-3 months,5,9,knit_upper_durability,I expected the knit to last at least a season and it did not.,Fictional data created for the MarketSignal demo.
R0002,2026-05-22,18-21,Studio Social,West,Woman,Twice a year,3,8,knit_upper_durability,The mesh tore at the flex point and I only use them for the gym and walking. Hoping the next drop is better.,Fictional data created for the MarketSignal demo.
R0003,2026-05-12,18-21,Studio Social,West,Woman,Every 2-3 months,3,7,price_vs_value,"If I am paying premium prices I want them to last longer than a semester. Not a dealbreaker, but it adds up.",Fictional data created for the MarketSignal demo.
R0004,2026-05-17,18-21,Campus Competitors,West,Woman,Twice a year,5,10,fit_inconsistency,I run four days a week. My last two orders in the same size felt like they came from different brands. Still my go to brand for training.,Fictional data created for the MarketSignal demo.
R0005,2026-05-16,28-34,Established Active,Northeast,Man,Every 2-3 months,1,10,price_vs_value,My budget is tight so I compare a lot. A loyalty discount for students would make a real difference for me.,Fictional data created for the MarketSignal demo.
R0006,2026-05-22,28-34,Established Active,Northeast,Woman,Twice a year,2,9,delivery_speed,Most of my wardrobe is athletic wear. I ordered for a race weekend and the package arrived after the race. The order was split into three packages arriving on different days.,Fictional data created for the MarketSignal demo.
R0007,2026-05-14,22-24,Campus Competitors,Northeast,Woman,Monthly,4,8,fit_inconsistency,I wish your fit notes on the site actually matched how things fit in real life.,Fictional data created for the MarketSignal demo.
R0008,2026-05-19,28-34,Established Active,Midwest,Woman,Monthly,3,9,fit_inconsistency,"Fit changes between seasons, so I cannot just reorder what I liked. Customer service was friendly when I reached out.",Fictional data created for the MarketSignal demo.
R0009,2026-05-08,25-27,Studio Social,Southeast,Woman,Twice a year,3,9,sizing_across_categories,Hoodies and joggers from the same collection fit like they were cut for different people. Buying a full outfit means guessing three different sizes.,Fictional data created for the MarketSignal demo.
R0010,2026-05-14,18-21,Campus Competitors,Southeast,Woman,Every 2-3 months,2,9,price_vs_value,If I am paying premium prices I want them to last longer than a semester.,Fictional data created for the MarketSignal demo.
R0011,2026-05-13,28-34,Established Active,Midwest,Man,Twice a year,3,9,knit_upper_durability,My budget is tight so I compare a lot. The knit upper started to fray near the toe within a couple of months.,Fictional data created for the MarketSignal demo.
R0012,2026-05-21,25-27,Studio Social,Southwest,Man,Monthly,4,6,fit_inconsistency,I started buying Northstar in college. Every Northstar item I own fits a little differently even when the tag says the same size. That experience really put me off.,Fictional data created for the MarketSignal demo.
R0013,2026-05-21,35-44,Established Active,Southeast,Woman,Once a year or less,3,9,sustainability_transparency,I looked for a sustainability report and could not find anything recent. I recommend you to friends anyway.,Fictional data created for the MarketSignal demo.
R0014,2026-05-19,25-27,Trail Starters,Southeast,Man,Twice a year,4,2,price_vs_value,Similar leggings from the value brands are half the price and almost as good. Honestly I am close to giving up on the brand.,Fictional data created for the MarketSignal demo.
R0015,2026-05-22,25-27,Studio Social,Southwest,Man,Monthly,1,8,delivery_speed,"Most of my wardrobe is athletic wear. Delivery took over a week, which is slow compared with other sites I use. I keep coming back mostly out of habit.",Fictional data created for the MarketSignal demo.
R0016,2026-05-10,28-34,Established Active,West,Woman,Every 2-3 months,3,9,fit_inconsistency,My last two orders in the same size felt like they came from different brands. Love the colors this season.,Fictional data created for the MarketSignal demo.
R0017,2026-05-07,35-44,Established Active,West,Woman,Twice a year,4,10,sustainability_transparency,I mainly buy leggings and tees. Tell me the actual percentage of recycled material instead of saying eco friendly. I looked for a sustainability report and could not find anything recent. The leggings are still the best I own.,Fictional data created for the MarketSignal demo.
R0018,2026-05-16,18-21,Value Seekers,Southwest,Woman,Every 2-3 months,4,9,fit_inconsistency,Most of my wardrobe is athletic wear. Every Northstar item I own fits a little differently even when the tag says the same size. The leggings are still the best I own.,Fictional data created for the MarketSignal demo.
R0019,2026-05-10,28-34,Established Active,Southeast,Woman,Every 2-3 months,1,9,delivery_speed,The tracking page was not updated for four days. Still my go to brand for training.,Fictional data created for the MarketSignal demo.
R0020,2026-05-12,28-34,Established Active,Midwest,Woman,Every 2-3 months,2,10,sizing_across_categories,My shoe size in your running line is not my size in your court shoes. Buying a full outfit means guessing three different sizes.,Fictional data created for the MarketSignal demo.
R0021,2026-05-20,18-21,Campus Competitors,West,Nonbinary,Every 2-3 months,4,6,fit_inconsistency,I play club volleyball and train most days. The new batch of sports bras fits tighter than the old ones in the same size.,Fictional data created for the MarketSignal demo.
R0022,2026-05-04,18-21,Value Seekers,Southeast,Man,Every 2-3 months,3,9,knit_upper_durability,There is a small hole forming where my big toe bends after about ten weeks.,Fictional data created for the MarketSignal demo.
R0023,2026-05-05,22-24,Trail Starters,Southeast,Woman,Twice a year,5,9,price_vs_value,"I usually order online and return in store. Prices went up but the quality did not, so the value is not there anymore. Similar leggings from the value brands are half the price and almost as good. Customer service was friendly when I reached out.",Fictional data created for the MarketSignal demo.
R0024,2026-05-10,22-24,Campus Competitors,Southeast,Woman,Once a year or less,4,6,sustainability_transparency,"I want to know what the shoes are made of and where, not just a green label. Honestly I am close to giving up on the brand.",Fictional data created for the MarketSignal demo.
R0025,2026-05-14,35-44,Established Active,Northeast,Man,Monthly,3,7,price_vs_value,"My budget is tight so I compare a lot. I only buy during sales now because full price feels too high. It is fine, just not special.",Fictional data created for the MarketSignal demo.
R0026,2026-05-18,25-27,Trail Starters,Southeast,Woman,Every 2-3 months,5,8,fit_inconsistency,Every Northstar item I own fits a little differently even when the tag says the same size.,Fictional data created for the MarketSignal demo.
R0027,2026-05-06,18-21,Studio Social,Northeast,Woman,Once a year or less,5,7,sizing_across_categories,"A simple size converter between your categories would save me a return every time. I trust the shoe sizing but the apparel sizing is a coin flip. It is fine, just not special.",Fictional data created for the MarketSignal demo.
R0028,2026-05-09,22-24,Trail Starters,Southwest,Man,Twice a year,5,10,price_vs_value,I mainly buy leggings and tees. I only buy during sales now because full price feels too high. If I am paying premium prices I want them to last longer than a semester. I recommend you to friends anyway.,Fictional data created for the MarketSignal demo.
R0029,2026-05-07,22-24,Value Seekers,Northeast,Woman,Twice a year,4,9,lack_of_personalization,The site recommends things that have nothing to do with what I bought. Customer service was friendly when I reached out.,Fictional data created for the MarketSignal demo.
R0030,2026-05-22,25-27,Trail Starters,Northeast,Woman,Twice a year,5,9,lack_of_personalization,Most of my wardrobe is athletic wear. My team wanted matching custom shoes and there was no option for it.,Fictional data created for the MarketSignal demo.
R0031,2026-05-12,28-34,Established Active,Northeast,Man,Twice a year,2,7,sustainability_transparency,"I shop with you about every couple of months. I would pick the brand that is honest about its factories, even if it costs a bit more. The recycled claims are vague and I cannot find any details on the product page. Not a dealbreaker, but it adds up.",Fictional data created for the MarketSignal demo.
R0032,2026-05-15,25-27,Value Seekers,Southeast,Woman,Once a year or less,2,10,lack_of_personalization,I mainly buy leggings and tees. I would try a made for me option if it did not take forever. My team wanted matching custom shoes and there was no option for it. Still my go to brand for training.,Fictional data created for the MarketSignal demo.
R0033,2026-05-11,22-24,Campus Competitors,Midwest,Man,Once a year or less,3,10,fit_inconsistency,"The waist on the joggers is generous but the length is short, so nothing quite works. The new batch of sports bras fits tighter than the old ones in the same size. Customer service was friendly when I reached out.",Fictional data created for the MarketSignal demo.
R0034,2026-05-09,22-24,Studio Social,Southeast,Man,Once a year or less,1,8,price_vs_value,"I buy for the gym and for class. A loyalty discount for students would make a real difference for me. It is fine, just not special.",Fictional data created for the MarketSignal demo.
R0035,2026-05-06,22-24,Campus Competitors,Southeast,Man,Every 2-3 months,3,6,delivery_speed,I would pay a little extra for two day delivery if it was offered. Honestly I am close to giving up on the brand.,Fictional data created for the MarketSignal demo.
R0036,2026-05-13,18-21,Value Seekers,Northeast,Woman,Twice a year,2,10,price_vs_value,My budget is tight so I compare a lot. The basics are fairly priced but the footwear feels expensive for what it is. Customer service was friendly when I reached out.,Fictional data created for the MarketSignal demo.
R0037,2026-05-17,28-34,Established Active,Midwest,Man,Twice a year,5,7,sustainability_transparency,"I play club volleyball and train most days. Tell me the actual percentage of recycled material instead of saying eco friendly. Not a dealbreaker, but it adds up.",Fictional data created for the MarketSignal demo.
R0038,2026-05-15,35-44,Established Active,Northeast,Man,Every 2-3 months,2,9,price_vs_value,I buy for the gym and for class. I compare prices on my phone in the store and usually buy elsewhere. I only buy during sales now because full price feels too high. I recommend you to friends anyway.,Fictional data created for the MarketSignal demo.
R0039,2026-05-18,25-27,Value Seekers,Southeast,Man,Once a year or less,4,9,price_vs_value,A loyalty discount for students would make a real difference for me. Customer service was friendly when I reached out.,Fictional data created for the MarketSignal demo.
R0040,2026-05-20,45+,Established Active,Midwest,Man,Monthly,4,10,fit_inconsistency,"I buy for hiking and weekend runs. Half my returns are because the fit was off, not because I disliked the style.",Fictional data created for the MarketSignal demo.
R0041,2026-05-09,22-24,Studio Social,Southeast,Woman,Monthly,3,9,price_vs_value,I take studio classes three times a week. Shipping fees on small orders make the total feel like a bad deal. Overall I am happy and will keep buying.,Fictional data created for the MarketSignal demo.
R0042,2026-05-05,25-27,Trail Starters,West,Man,Twice a year,4,8,knit_upper_durability,The mesh tore at the flex point and I only use them for the gym and walking. The knit upper started to fray near the toe within a couple of months.,Fictional data created for the MarketSignal demo.
R0043,2026-05-08,35-44,Established Active,West,Man,Twice a year,2,8,sustainability_transparency,"I want to know what the shoes are made of and where, not just a green label.",Fictional data created for the MarketSignal demo.
R0044,2026-05-17,35-44,Established Active,Midwest,Woman,Every 2-3 months,4,9,sustainability_transparency,I looked for a sustainability report and could not find anything recent. The leggings are still the best I own.,Fictional data created for the MarketSignal demo.
R0045,2026-05-05,18-21,Campus Competitors,Southeast,Man,Monthly,5,8,price_vs_value,I buy for the gym and for class. The basics are fairly priced but the footwear feels expensive for what it is.,Fictional data created for the MarketSignal demo.
R0046,2026-05-10,18-21,Value Seekers,Midwest,Woman,Once a year or less,5,6,fit_inconsistency,The new batch of sports bras fits tighter than the old ones in the same size. That experience really put me off.,Fictional data created for the MarketSignal demo.
R0047,2026-05-14,28-34,Established Active,Southeast,Man,Monthly,5,10,community_social_proof,"I take studio classes three times a week. There are not many reviews with photos, so it is hard to judge fit. Overall I am happy and will keep buying.",Fictional data created for the MarketSignal demo.
R0048,2026-05-05,22-24,Studio Social,Southwest,Woman,Every 2-3 months,5,8,sizing_across_categories,"I play club volleyball and train most days. I wear different sizes in your tops and bottoms, and the size chart does not explain why. Your size chart is one table for everything, but apparel and footwear clearly use different patterns.",Fictional data created for the MarketSignal demo.
R0049,2026-05-13,35-44,Established Active,West,Woman,Once a year or less,3,8,fit_inconsistency,"I run four days a week. Fit changes between seasons, so I cannot just reorder what I liked.",Fictional data created for the MarketSignal demo.
R0050,2026-05-20,35-44,Established Active,Northeast,Woman,Once a year or less,3,9,fit_inconsistency,"Half my returns are because the fit was off, not because I disliked the style.",Fictional data created for the MarketSignal demo.
R0051,2026-05-14,45+,Established Active,Southeast,Woman,Twice a year,3,10,fit_inconsistency,I wish your fit notes on the site actually matched how things fit in real life.,Fictional data created for the MarketSignal demo.
R0052,2026-05-16,22-24,Value Seekers,Northeast,Man,Monthly,3,4,fit_inconsistency,"I mostly shop on the app. The same size in two colors of the same legging did not fit the same. Tops run boxy and the shorts run tight, which makes building an outfit annoying.",Fictional data created for the MarketSignal demo.
R0053,2026-05-16,22-24,Value Seekers,Northeast,Man,Twice a year,5,10,delivery_speed,I shop with you about every couple of months. The tracking page was not updated for four days. Free shipping is great but not if it takes ten days.,Fictional data created for the MarketSignal demo.
R0054,2026-05-12,18-21,Trail Starters,Southeast,Woman,Every 2-3 months,3,8,knit_upper_durability,"There is a small hole forming where my big toe bends after about ten weeks. Not a dealbreaker, but it adds up.",Fictional data created for the MarketSignal demo.
R0055,2026-05-21,25-27,Studio Social,Southeast,Man,Every 2-3 months,1,10,fit_inconsistency,The same size in two colors of the same legging did not fit the same. I never know if I am a small or a medium with you until it arrives. The leggings are still the best I own.,Fictional data created for the MarketSignal demo.
R0056,2026-05-08,22-24,Studio Social,Southwest,Woman,Monthly,2,6,price_vs_value,I run four days a week. The basics are fairly priced but the footwear feels expensive for what it is. Honestly I am close to giving up on the brand.,Fictional data created for the MarketSignal demo.
R0057,2026-05-12,18-21,Trail Starters,Southeast,Woman,Once a year or less,4,8,sustainability_transparency,The recycled claims are vague and I cannot find any details on the product page. Fix that and I would buy more often.,Fictional data created for the MarketSignal demo.
R0058,2026-05-09,28-34,Established Active,West,Woman,Monthly,3,9,knit_upper_durability,My runners look worn out long before the sole does. Overall I am happy and will keep buying.,Fictional data created for the MarketSignal demo.
R0059,2026-05-15,25-27,Value Seekers,Midwest,Man,Monthly,5,8,price_vs_value,I compare prices on my phone in the store and usually buy elsewhere. Similar leggings from the value brands are half the price and almost as good.,Fictional data created for the MarketSignal demo.
R0060,2026-05-16,45+,Established Active,Southwest,Woman,Once a year or less,5,10,sustainability_transparency,"I mostly shop on the app. I looked for a sustainability report and could not find anything recent. I would pick the brand that is honest about its factories, even if it costs a bit more. Love the colors this season.",Fictional data created for the MarketSignal demo.
R0061,2026-05-09,45+,Established Active,Midwest,Man,Monthly,1,9,knit_upper_durability,"The fabric pilled after a few washes, which is not great at this price.",Fictional data created for the MarketSignal demo.
R0062,2026-05-07,22-24,Studio Social,West,Man,Twice a year,5,8,sustainability_transparency,Put the recycled content percentage and the factory country right on the product page. A leaf icon tells me nothing.,Fictional data created for the MarketSignal demo.
R0063,2026-05-12,25-27,Value Seekers,Northeast,Woman,Monthly,4,9,lack_of_personalization,I usually order online and return in store. Everything looks the same as what everyone else is wearing.,Fictional data created for the MarketSignal demo.
R0064,2026-05-22,22-24,Campus Competitors,Midwest,Woman,Monthly,5,4,price_vs_value,Similar leggings from the value brands are half the price and almost as good.,Fictional data created for the MarketSignal demo.
R0065,2026-05-18,35-44,Established Active,Northeast,Woman,Monthly,3,2,sustainability_transparency,"I play club volleyball and train most days. Tell me the actual percentage of recycled material instead of saying eco friendly. I want to know what the shoes are made of and where, not just a green label. Honestly I am close to giving up on the brand.",Fictional data created for the MarketSignal demo.
R0066,2026-05-08,25-27,Trail Starters,Midwest,Woman,Every 2-3 months,5,8,price_vs_value,"I run four days a week. Prices went up but the quality did not, so the value is not there anymore.",Fictional data created for the MarketSignal demo.
R0067,2026-05-07,18-21,Value Seekers,Southeast,Prefer not to say,Every 2-3 months,4,8,lack_of_personalization,I mostly shop on the app. Everything looks the same as what everyone else is wearing.,Fictional data created for the MarketSignal demo.
R0068,2026-05-19,18-21,Campus Competitors,Midwest,Woman,Every 2-3 months,5,6,delivery_speed,I would pay a little extra for two day delivery if it was offered.,Fictional data created for the MarketSignal demo.
R0069,2026-05-21,25-27,Studio Social,West,Woman,Every 2-3 months,4,8,fit_inconsistency,"I started buying Northstar in college. Every Northstar item I own fits a little differently even when the tag says the same size. It is fine, just not special.",Fictional data created for the MarketSignal demo.
R0070,2026-05-14,18-21,Studio Social,Southeast,Woman,Monthly,5,8,price_vs_value,"I buy for the gym and for class. Prices went up but the quality did not, so the value is not there anymore. If I am paying premium prices I want them to last longer than a semester. It is fine, just not special.",Fictional data created for the MarketSignal demo.
R0071,2026-05-21,25-27,Value Seekers,Northeast,Man,Every 2-3 months,5,8,lack_of_personalization,"My team wanted matching custom shoes and there was no option for it. A way to save my fit preferences and get recommendations would be nice. Not a dealbreaker, but it adds up.",Fictional data created for the MarketSignal demo.
R0072,2026-05-14,45+,Established Active,West,Woman,Monthly,3,10,fit_inconsistency,"I usually order online and return in store. Tops run boxy and the shorts run tight, which makes building an outfit annoying. The same size in two colors of the same legging did not fit the same. Love the colors this season.",Fictional data created for the MarketSignal demo.
R0073,2026-05-04,22-24,Value Seekers,West,Man,Monthly,4,9,fit_inconsistency,"I buy for the gym and for class. Fit changes between seasons, so I cannot just reorder what I liked.",Fictional data created for the MarketSignal demo.
R0074,2026-05-10,22-24,Trail Starters,Southwest,Woman,Every 2-3 months,5,8,knit_upper_durability,I discovered the brand through friends. The knit upper started to fray near the toe within a couple of months. Fix that and I would buy more often.,Fictional data created for the MarketSignal demo.
R0075,2026-05-16,25-27,Value Seekers,Southeast,Man,Every 2-3 months,3,10,delivery_speed,I usually order online and return in store. I would pay a little extra for two day delivery if it was offered. Love the colors this season.,Fictional data created for the MarketSignal demo.
R0076,2026-05-09,18-21,Value Seekers,West,Woman,Once a year or less,3,10,sustainability_transparency,"I buy for hiking and weekend runs. The recycled claims are vague and I cannot find any details on the product page. I want to know what the shoes are made of and where, not just a green label. Still my go to brand for training.",Fictional data created for the MarketSignal demo.
R0077,2026-05-13,18-21,Value Seekers,Southwest,Man,Twice a year,4,8,sizing_across_categories,"I had to size up in the trail shoe but down in the trainer, which makes no sense to me.",Fictional data created for the MarketSignal demo.
R0078,2026-05-09,28-34,Established Active,West,Prefer not to say,Once a year or less,3,9,delivery_speed,In store pickup would help because I live near a mall with your store. Love the colors this season.,Fictional data created for the MarketSignal demo.
R0079,2026-05-08,22-24,Studio Social,Southeast,Woman,Every 2-3 months,4,7,sustainability_transparency,I take studio classes three times a week. There is no information about repair or recycling old pairs.,Fictional data created for the MarketSignal demo.
R0080,2026-05-20,22-24,Trail Starters,Midwest,Woman,Every 2-3 months,2,8,fit_inconsistency,"I usually order online and return in store. Tops run boxy and the shorts run tight, which makes building an outfit annoying. Fix that and I would buy more often.",Fictional data created for the MarketSignal demo.
R0081,2026-05-07,45+,Established Active,Midwest,Woman,Monthly,2,9,sustainability_transparency,Most of my wardrobe is athletic wear. There is no information about repair or recycling old pairs.,Fictional data created for the MarketSignal demo.
R0082,2026-05-13,18-21,Value Seekers,West,Prefer not to say,Once a year or less,4,3,price_vs_value,The basics are fairly priced but the footwear feels expensive for what it is. If I am paying premium prices I want them to last longer than a semester.,Fictional data created for the MarketSignal demo.
R0083,2026-05-11,18-21,Campus Competitors,Midwest,Man,Monthly,5,9,sizing_across_categories,I buy for hiking and weekend runs. My shoe size in your running line is not my size in your court shoes. A simple size converter between your categories would save me a return every time.,Fictional data created for the MarketSignal demo.
R0084,2026-05-04,18-21,Campus Competitors,Southeast,Man,Twice a year,5,10,fit_inconsistency,"Half my returns are because the fit was off, not because I disliked the style. The leggings are still the best I own.",Fictional data created for the MarketSignal demo.
R0085,2026-05-19,18-21,Value Seekers,Northeast,Man,Every 2-3 months,4,4,sizing_across_categories,I usually order online and return in store. My shoe size in your running line is not my size in your court shoes.,Fictional data created for the MarketSignal demo.
R0086,2026-05-15,22-24,Campus Competitors,Southeast,Man,Every 2-3 months,5,8,price_vs_value,"I mainly buy leggings and tees. Prices went up but the quality did not, so the value is not there anymore. A loyalty discount for students would make a real difference for me. Not a dealbreaker, but it adds up.",Fictional data created for the MarketSignal demo.
R0087,2026-05-07,22-24,Studio Social,Southwest,Woman,Once a year or less,3,8,lack_of_personalization,Everything looks the same as what everyone else is wearing. Hoping the next drop is better.,Fictional data created for the MarketSignal demo.
R0088,2026-05-12,28-34,Established Active,Southwest,Man,Every 2-3 months,3,7,fit_inconsistency,"Fit changes between seasons, so I cannot just reorder what I liked. My last two orders in the same size felt like they came from different brands. Fix that and I would buy more often.",Fictional data created for the MarketSignal demo.
R0089,2026-05-12,18-21,Value Seekers,Midwest,Woman,Every 2-3 months,4,8,fit_inconsistency,"Every Northstar item I own fits a little differently even when the tag says the same size. It is fine, just not special.",Fictional data created for the MarketSignal demo.
R0090,2026-05-13,18-21,Trail Starters,Midwest,Man,Once a year or less,3,9,fit_inconsistency,I mainly buy leggings and tees. The new batch of sports bras fits tighter than the old ones in the same size. I recommend you to friends anyway.,Fictional data created for the MarketSignal demo.
R0091,2026-05-04,22-24,Studio Social,Northeast,Man,Monthly,3,8,sustainability_transparency,"Most of my wardrobe is athletic wear. I want to know what the shoes are made of and where, not just a green label. Packaging is excessive for a single pair of socks.",Fictional data created for the MarketSignal demo.
R0092,2026-05-15,18-21,Trail Starters,Northeast,Woman,Monthly,3,10,price_vs_value,"I buy for hiking and weekend runs. Prices went up but the quality did not, so the value is not there anymore. I recommend you to friends anyway.",Fictional data created for the MarketSignal demo.
R0093,2026-05-15,35-44,Established Active,Northeast,Man,Every 2-3 months,5,7,fit_inconsistency,Every Northstar item I own fits a little differently even when the tag says the same size.,Fictional data created for the MarketSignal demo.
R0094,2026-05-09,35-44,Established Active,Southwest,Nonbinary,Monthly,3,9,price_vs_value,I usually shop the sale section first. I only buy during sales now because full price feels too high.,Fictional data created for the MarketSignal demo.
R0095,2026-05-20,28-34,Established Active,Northeast,Nonbinary,Twice a year,3,10,fit_inconsistency,"I started buying Northstar in college. My last two orders in the same size felt like they came from different brands. Tops run boxy and the shorts run tight, which makes building an outfit annoying. Overall I am happy and will keep buying.",Fictional data created for the MarketSignal demo.
R0096,2026-05-19,22-24,Value Seekers,West,Woman,Every 2-3 months,5,6,fit_inconsistency,"Tops run boxy and the shorts run tight, which makes building an outfit annoying. Every Northstar item I own fits a little differently even when the tag says the same size. I will think twice before ordering again.",Fictional data created for the MarketSignal demo.
R0097,2026-05-20,28-34,Established Active,West,Man,Every 2-3 months,4,9,fit_inconsistency,The same size in two colors of the same legging did not fit the same.,Fictional data created for the MarketSignal demo.
R0098,2026-05-13,35-44,Established Active,Midwest,Man,Once a year or less,4,9,sizing_across_categories,"I run four days a week. I had to size up in the trail shoe but down in the trainer, which makes no sense to me.",Fictional data created for the MarketSignal demo.
R0099,2026-05-09,28-34,Established Active,Southeast,Woman,Twice a year,4,10,price_vs_value,"I run four days a week. Prices went up but the quality did not, so the value is not there anymore.",Fictional data created for the MarketSignal demo.
R0100,2026-05-12,45+,Established Active,Southeast,Man,Every 2-3 months,3,10,lack_of_personalization,I buy for hiking and weekend runs. A way to save my fit preferences and get recommendations would be nice. I would try a made for me option if it did not take forever.,Fictional data created for the MarketSignal demo.
R0101,2026-05-18,45+,Established Active,West,Woman,Twice a year,1,9,sustainability_transparency,I usually shop the sale section first. There is no information about repair or recycling old pairs. The leggings are still the best I own.,Fictional data created for the MarketSignal demo.
R0102,2026-05-21,18-21,Campus Competitors,Southwest,Man,Once a year or less,3,8,fit_inconsistency,"I take studio classes three times a week. Tops run boxy and the shorts run tight, which makes building an outfit annoying.",Fictional data created for the MarketSignal demo.
R0103,2026-05-06,18-21,Campus Competitors,Northeast,Woman,Once a year or less,2,9,fit_inconsistency,"I buy for hiking and weekend runs. Tops run boxy and the shorts run tight, which makes building an outfit annoying. The leggings are still the best I own.",Fictional data created for the MarketSignal demo.
R0104,2026-05-08,18-21,Campus Competitors,Southeast,Woman,Every 2-3 months,5,7,sustainability_transparency,"Tell me the actual percentage of recycled material instead of saying eco friendly. I want to know what the shoes are made of and where, not just a green label.",Fictional data created for the MarketSignal demo.
R0105,2026-05-15,25-27,Studio Social,Southeast,Man,Once a year or less,3,7,fit_inconsistency,I play club volleyball and train most days. My last two orders in the same size felt like they came from different brands. Fix that and I would buy more often.,Fictional data created for the MarketSignal demo.
R0106,2026-05-15,25-27,Value Seekers,Northeast,Woman,Twice a year,5,10,lack_of_personalization,I would try a made for me option if it did not take forever.,Fictional data created for the MarketSignal demo.
R0107,2026-05-16,22-24,Studio Social,Southeast,Man,Twice a year,4,7,delivery_speed,In store pickup would help because I live near a mall with your store. The tracking page was not updated for four days. I keep coming back mostly out of habit.,Fictional data created for the MarketSignal demo.
R0108,2026-05-06,25-27,Value Seekers,Midwest,Man,Twice a year,1,8,price_vs_value,If I am paying premium prices I want them to last longer than a semester.,Fictional data created for the MarketSignal demo.
R0109,2026-05-20,25-27,Studio Social,Southwest,Nonbinary,Monthly,4,8,sizing_across_categories,A simple size converter between your categories would save me a return every time. Fix that and I would buy more often.,Fictional data created for the MarketSignal demo.
R0110,2026-05-06,35-44,Established Active,West,Woman,Twice a year,4,8,fit_inconsistency,I play club volleyball and train most days. I wish your fit notes on the site actually matched how things fit in real life.,Fictional data created for the MarketSignal demo.
R0111,2026-05-17,35-44,Established Active,Southeast,Woman,Twice a year,4,8,delivery_speed,Most of my wardrobe is athletic wear. In store pickup would help because I live near a mall with your store.,Fictional data created for the MarketSignal demo.
R0112,2026-05-14,45+,Established Active,Southeast,Woman,Every 2-3 months,3,9,sizing_across_categories,My shoe size in your running line is not my size in your court shoes. Overall I am happy and will keep buying.,Fictional data created for the MarketSignal demo.
R0113,2026-05-20,22-24,Campus Competitors,Southwest,Woman,Once a year or less,5,10,sustainability_transparency,I run four days a week. Packaging is excessive for a single pair of socks. Still my go to brand for training.,Fictional data created for the MarketSignal demo.
R0114,2026-05-12,35-44,Established Active,Southeast,Woman,Every 2-3 months,2,7,knit_upper_durability,Great comfort out of the box but the upper did not hold up to daily wear. I keep coming back mostly out of habit.,Fictional data created for the MarketSignal demo.
R0115,2026-05-14,18-21,Campus Competitors,Northeast,Woman,Twice a year,5,8,fit_inconsistency,The new batch of sports bras fits tighter than the old ones in the same size. The same size in two colors of the same legging did not fit the same. I keep coming back mostly out of habit.,Fictional data created for the MarketSignal demo.
R0116,2026-05-11,45+,Established Active,Southwest,Man,Twice a year,4,9,knit_upper_durability,Great comfort out of the box but the upper did not hold up to daily wear. I recommend you to friends anyway.,Fictional data created for the MarketSignal demo.
R0117,2026-05-17,18-21,Campus Competitors,Northeast,Woman,Every 2-3 months,3,9,sizing_across_categories,Buying a full outfit means guessing three different sizes. Customer service was friendly when I reached out.,Fictional data created for the MarketSignal demo.
R0118,2026-05-11,45+,Established Active,Northeast,Man,Twice a year,3,6,sizing_across_categories,"I play club volleyball and train most days. Your size chart is one table for everything, but apparel and footwear clearly use different patterns. My shoe size in your running line is not my size in your court shoes. I have started buying from other brands.",Fictional data created for the MarketSignal demo.
R0119,2026-05-18,25-27,Value Seekers,Northeast,Woman,Twice a year,5,9,delivery_speed,I mainly buy leggings and tees. I would pay a little extra for two day delivery if it was offered.,Fictional data created for the MarketSignal demo.
R0120,2026-05-20,28-34,Established Active,Southwest,Woman,Monthly,4,9,community_social_proof,"I shop with you about every couple of months. My run club mostly wears other brands, so I hear less about yours. The leggings are still the best I own.",Fictional data created for the MarketSignal demo.
R0121,2026-05-20,22-24,Value Seekers,Midwest,Woman,Every 2-3 months,4,7,price_vs_value,If I am paying premium prices I want them to last longer than a semester. I keep coming back mostly out of habit.,Fictional data created for the MarketSignal demo.
R0122,2026-05-14,18-21,Value Seekers,Southeast,Man,Once a year or less,5,2,sizing_across_categories,I mostly shop on the app. I trust the shoe sizing but the apparel sizing is a coin flip.,Fictional data created for the MarketSignal demo.
R0123,2026-05-10,35-44,Established Active,Northeast,Woman,Every 2-3 months,4,9,price_vs_value,"I only buy during sales now because full price feels too high. Prices went up but the quality did not, so the value is not there anymore.",Fictional data created for the MarketSignal demo.
R0124,2026-05-14,18-21,Campus Competitors,Midwest,Woman,Monthly,3,8,sizing_across_categories,I trust the shoe sizing but the apparel sizing is a coin flip.,Fictional data created for the MarketSignal demo.
R0125,2026-05-15,22-24,Studio Social,West,Man,Twice a year,5,7,delivery_speed,The tracking page was not updated for four days. I keep coming back mostly out of habit.,Fictional data created for the MarketSignal demo.
R0126,2026-05-06,18-21,Studio Social,Southeast,Man,Twice a year,4,8,sustainability_transparency,"I would pick the brand that is honest about its factories, even if it costs a bit more. There is no information about repair or recycling old pairs. I keep coming back mostly out of habit.",Fictional data created for the MarketSignal demo.
R0127,2026-05-06,25-27,Studio Social,Northeast,Woman,Every 2-3 months,5,9,delivery_speed,I ordered for a race weekend and the package arrived after the race.,Fictional data created for the MarketSignal demo.
R0128,2026-05-22,22-24,Campus Competitors,Southeast,Man,Monthly,5,9,price_vs_value,A loyalty discount for students would make a real difference for me. Customer service was friendly when I reached out.,Fictional data created for the MarketSignal demo.
R0129,2026-05-08,22-24,Studio Social,Northeast,Woman,Monthly,5,8,fit_inconsistency,I discovered the brand through friends. I never know if I am a small or a medium with you until it arrives.,Fictional data created for the MarketSignal demo.
R0130,2026-05-06,22-24,Studio Social,Southwest,Woman,Twice a year,3,8,knit_upper_durability,"My budget is tight so I compare a lot. Support offered a discount instead of a replacement when the upper wore through. The fabric pilled after a few washes, which is not great at this price. I keep coming back mostly out of habit.",Fictional data created for the MarketSignal demo.
R0131,2026-05-09,22-24,Studio Social,Southwest,Woman,Once a year or less,4,7,price_vs_value,I started buying Northstar in college. A loyalty discount for students would make a real difference for me. Shipping fees on small orders make the total feel like a bad deal.,Fictional data created for the MarketSignal demo.
R0132,2026-05-11,25-27,Value Seekers,West,Man,Every 2-3 months,4,10,lack_of_personalization,Everything looks the same as what everyone else is wearing.,Fictional data created for the MarketSignal demo.
R0133,2026-05-08,28-34,Established Active,Southeast,Man,Monthly,3,6,fit_inconsistency,I mainly buy leggings and tees. I wish your fit notes on the site actually matched how things fit in real life. I will think twice before ordering again.,Fictional data created for the MarketSignal demo.
R0134,2026-05-08,22-24,Studio Social,West,Man,Monthly,3,6,sustainability_transparency,"I run four days a week. I would pick the brand that is honest about its factories, even if it costs a bit more. Honestly I am close to giving up on the brand.",Fictional data created for the MarketSignal demo.
R0135,2026-05-21,28-34,Established Active,Northeast,Man,Monthly,4,6,community_social_proof,"I usually order online and return in store. My run club mostly wears other brands, so I hear less about yours. There are not many reviews with photos, so it is hard to judge fit.",Fictional data created for the MarketSignal demo.
R0136,2026-05-16,45+,Established Active,Midwest,Man,Every 2-3 months,2,10,sizing_across_categories,My shoe size in your running line is not my size in your court shoes. Customer service was friendly when I reached out.,Fictional data created for the MarketSignal demo.
R0137,2026-05-21,22-24,Trail Starters,Southwest,Man,Monthly,5,4,sizing_across_categories,Hoodies and joggers from the same collection fit like they were cut for different people. Honestly I am close to giving up on the brand.,Fictional data created for the MarketSignal demo.
R0138,2026-05-15,25-27,Trail Starters,West,Man,Once a year or less,3,3,fit_inconsistency,I never know if I am a small or a medium with you until it arrives. I have started buying from other brands.,Fictional data created for the MarketSignal demo.
R0139,2026-05-05,22-24,Trail Starters,Northeast,Man,Monthly,2,2,fit_inconsistency,"I buy for hiking and weekend runs. Tops run boxy and the shorts run tight, which makes building an outfit annoying.",Fictional data created for the MarketSignal demo.
R0140,2026-05-21,22-24,Studio Social,Southeast,Woman,Every 2-3 months,4,9,fit_inconsistency,"Tops run boxy and the shorts run tight, which makes building an outfit annoying.",Fictional data created for the MarketSignal demo.
R0141,2026-05-17,35-44,Established Active,West,Woman,Every 2-3 months,3,10,fit_inconsistency,I shop with you about every couple of months. The same size in two colors of the same legging did not fit the same. I wish your fit notes on the site actually matched how things fit in real life.,Fictional data created for the MarketSignal demo.
R0142,2026-05-16,35-44,Established Active,West,Woman,Every 2-3 months,3,9,sizing_across_categories,"I had to size up in the trail shoe but down in the trainer, which makes no sense to me. Customer service was friendly when I reached out.",Fictional data created for the MarketSignal demo.
R0143,2026-05-08,18-21,Campus Competitors,West,Man,Every 2-3 months,5,7,delivery_speed,The tracking page was not updated for four days.,Fictional data created for the MarketSignal demo.
R0144,2026-05-22,28-34,Established Active,West,Man,Every 2-3 months,2,10,community_social_proof,"There are not many reviews with photos, so it is hard to judge fit.",Fictional data created for the MarketSignal demo.
R0145,2026-05-10,18-21,Campus Competitors,West,Woman,Every 2-3 months,3,9,fit_inconsistency,My last two orders in the same size felt like they came from different brands. I recommend you to friends anyway.,Fictional data created for the MarketSignal demo.
R0146,2026-05-22,28-34,Established Active,Southeast,Woman,Twice a year,4,7,price_vs_value,"If I am paying premium prices I want them to last longer than a semester. I only buy during sales now because full price feels too high. It is fine, just not special.",Fictional data created for the MarketSignal demo.
R0147,2026-05-06,18-21,Studio Social,West,Woman,Twice a year,2,7,fit_inconsistency,"Your size medium fits like a small in the leggings and a large in the tees, so I end up ordering two sizes and returning one.",Fictional data created for the MarketSignal demo.
R0148,2026-05-05,18-21,Campus Competitors,Midwest,Prefer not to say,Every 2-3 months,4,8,price_vs_value,The basics are fairly priced but the footwear feels expensive for what it is. I keep coming back mostly out of habit.,Fictional data created for the MarketSignal demo.
R0149,2026-05-19,18-21,Trail Starters,West,Woman,Twice a year,4,8,fit_inconsistency,I play club volleyball and train most days. I never know if I am a small or a medium with you until it arrives. Fix that and I would buy more often.,Fictional data created for the MarketSignal demo.
R0150,2026-05-19,22-24,Value Seekers,Northeast,Man,Every 2-3 months,5,7,sizing_across_categories,"Hoodies and joggers from the same collection fit like they were cut for different people. It is fine, just not special.",Fictional data created for the MarketSignal demo.
R0151,2026-05-04,22-24,Value Seekers,Southeast,Man,Twice a year,4,9,knit_upper_durability,I expected the knit to last at least a season and it did not. Still my go to brand for training.,Fictional data created for the MarketSignal demo.
R0152,2026-05-20,22-24,Studio Social,West,Nonbinary,Once a year or less,3,9,delivery_speed,The order was split into three packages arriving on different days.,Fictional data created for the MarketSignal demo.
R0153,2026-05-17,22-24,Studio Social,Midwest,Man,Monthly,5,7,fit_inconsistency,"My last two orders in the same size felt like they came from different brands. Fit changes between seasons, so I cannot just reorder what I liked.",Fictional data created for the MarketSignal demo.
R0154,2026-05-18,22-24,Campus Competitors,Southeast,Woman,Every 2-3 months,5,10,knit_upper_durability,I take studio classes three times a week. I expected the knit to last at least a season and it did not.,Fictional data created for the MarketSignal demo.
R0155,2026-05-04,18-21,Value Seekers,West,Man,Every 2-3 months,2,9,sizing_across_categories,"I had to size up in the trail shoe but down in the trainer, which makes no sense to me. My shoe size in your running line is not my size in your court shoes.",Fictional data created for the MarketSignal demo.
R0156,2026-05-17,35-44,Established Active,Midwest,Man,Twice a year,5,7,sizing_across_categories,"I run four days a week. I wear different sizes in your tops and bottoms, and the size chart does not explain why. Not a dealbreaker, but it adds up.",Fictional data created for the MarketSignal demo.
R0157,2026-05-11,25-27,Trail Starters,Southeast,Man,Every 2-3 months,4,7,price_vs_value,"I compare prices on my phone in the store and usually buy elsewhere. It is fine, just not special.",Fictional data created for the MarketSignal demo.
R0158,2026-05-06,35-44,Established Active,Northeast,Man,Twice a year,2,9,knit_upper_durability,I mainly buy leggings and tees. There is a small hole forming where my big toe bends after about ten weeks. Love the colors this season.,Fictional data created for the MarketSignal demo.
R0159,2026-05-07,18-21,Trail Starters,Northeast,Woman,Every 2-3 months,5,9,price_vs_value,I only buy during sales now because full price feels too high. Still my go to brand for training.,Fictional data created for the MarketSignal demo.
R0160,2026-05-05,28-34,Established Active,Southwest,Man,Every 2-3 months,4,9,price_vs_value,I only buy during sales now because full price feels too high. The leggings are still the best I own.,Fictional data created for the MarketSignal demo.
R0161,2026-05-12,18-21,Campus Competitors,Northeast,Woman,Twice a year,5,10,fit_inconsistency,I discovered the brand through friends. My last two orders in the same size felt like they came from different brands. Still my go to brand for training.,Fictional data created for the MarketSignal demo.
R0162,2026-05-16,18-21,Value Seekers,Midwest,Woman,Monthly,4,9,fit_inconsistency,The same size in two colors of the same legging did not fit the same. Every Northstar item I own fits a little differently even when the tag says the same size. The leggings are still the best I own.,Fictional data created for the MarketSignal demo.
R0163,2026-05-09,25-27,Studio Social,Northeast,Man,Twice a year,3,5,fit_inconsistency,"I discovered the brand through friends. The waist on the joggers is generous but the length is short, so nothing quite works.",Fictional data created for the MarketSignal demo.
R0164,2026-05-07,22-24,Trail Starters,Northeast,Man,Twice a year,4,9,lack_of_personalization,Everything looks the same as what everyone else is wearing.,Fictional data created for the MarketSignal demo.
R0165,2026-05-12,25-27,Value Seekers,Southeast,Man,Monthly,4,8,delivery_speed,I would pay a little extra for two day delivery if it was offered. Hoping the next drop is better.,Fictional data created for the MarketSignal demo.
R0166,2026-05-08,25-27,Studio Social,West,Woman,Monthly,2,8,sizing_across_categories,I buy for the gym and for class. I trust the shoe sizing but the apparel sizing is a coin flip. Hoping the next drop is better.,Fictional data created for the MarketSignal demo.
R0167,2026-05-21,18-21,Studio Social,Northeast,Woman,Every 2-3 months,3,9,knit_upper_durability,I buy for hiking and weekend runs. There is a small hole forming where my big toe bends after about ten weeks.,Fictional data created for the MarketSignal demo.
R0168,2026-05-09,35-44,Established Active,Southwest,Woman,Once a year or less,3,8,delivery_speed,The order was split into three packages arriving on different days. I ordered for a race weekend and the package arrived after the race. Fix that and I would buy more often.,Fictional data created for the MarketSignal demo.
R0169,2026-05-05,25-27,Studio Social,Southeast,Woman,Once a year or less,2,8,sustainability_transparency,"I take studio classes three times a week. I want to know what the shoes are made of and where, not just a green label. Hoping the next drop is better.",Fictional data created for the MarketSignal demo.
R0170,2026-05-04,35-44,Established Active,Midwest,Man,Every 2-3 months,2,8,sizing_across_categories,My budget is tight so I compare a lot. I trust the shoe sizing but the apparel sizing is a coin flip. I keep coming back mostly out of habit.,Fictional data created for the MarketSignal demo.
R0171,2026-05-16,28-34,Established Active,Northeast,Woman,Once a year or less,5,7,price_vs_value,Most of my wardrobe is athletic wear. Similar leggings from the value brands are half the price and almost as good. I keep coming back mostly out of habit.,Fictional data created for the MarketSignal demo.
R0172,2026-05-17,22-24,Studio Social,Southwest,Man,Once a year or less,3,9,price_vs_value,I usually shop the sale section first. I compare prices on my phone in the store and usually buy elsewhere. A loyalty discount for students would make a real difference for me. I recommend you to friends anyway.,Fictional data created for the MarketSignal demo.
R0173,2026-05-22,22-24,Trail Starters,Southeast,Woman,Monthly,3,7,sizing_across_categories,"I play club volleyball and train most days. I trust the shoe sizing but the apparel sizing is a coin flip. A simple size converter between your categories would save me a return every time. Not a dealbreaker, but it adds up.",Fictional data created for the MarketSignal demo.
R0174,2026-05-20,25-27,Studio Social,Southeast,Man,Every 2-3 months,4,7,price_vs_value,I only buy during sales now because full price feels too high. If I am paying premium prices I want them to last longer than a semester. Fix that and I would buy more often.,Fictional data created for the MarketSignal demo.
R0175,2026-05-09,22-24,Trail Starters,Southeast,Woman,Every 2-3 months,5,9,delivery_speed,The order was split into three packages arriving on different days. I ordered for a race weekend and the package arrived after the race. Still my go to brand for training.,Fictional data created for the MarketSignal demo.
R0176,2026-05-15,35-44,Established Active,Midwest,Man,Monthly,3,9,sustainability_transparency,"There is no information about repair or recycling old pairs. I want to know what the shoes are made of and where, not just a green label.",Fictional data created for the MarketSignal demo.
R0177,2026-05-15,18-21,Campus Competitors,Midwest,Man,Once a year or less,2,5,delivery_speed,"I discovered the brand through friends. Delivery took over a week, which is slow compared with other sites I use.",Fictional data created for the MarketSignal demo.
R0178,2026-05-08,25-27,Trail Starters,West,Woman,Once a year or less,5,10,sustainability_transparency,I buy for hiking and weekend runs. The recycled claims are vague and I cannot find any details on the product page. Tell me the actual percentage of recycled material instead of saying eco friendly. I recommend you to friends anyway.,Fictional data created for the MarketSignal demo.
R0179,2026-05-21,35-44,Established Active,Southwest,Woman,Every 2-3 months,3,5,sizing_across_categories,"I play club volleyball and train most days. I trust the shoe sizing but the apparel sizing is a coin flip. I wear different sizes in your tops and bottoms, and the size chart does not explain why. I have started buying from other brands.",Fictional data created for the MarketSignal demo.
R0180,2026-05-13,25-27,Value Seekers,Midwest,Woman,Every 2-3 months,5,7,fit_inconsistency,"Tops run boxy and the shorts run tight, which makes building an outfit annoying. The same size in two colors of the same legging did not fit the same. It is fine, just not special.",Fictional data created for the MarketSignal demo.
R0181,2026-05-04,35-44,Established Active,Southeast,Woman,Every 2-3 months,2,9,price_vs_value,I mainly buy leggings and tees. The basics are fairly priced but the footwear feels expensive for what it is. Customer service was friendly when I reached out.,Fictional data created for the MarketSignal demo.
R0182,2026-05-15,22-24,Campus Competitors,Southwest,Woman,Every 2-3 months,5,8,price_vs_value,I shop with you about every couple of months. Shipping fees on small orders make the total feel like a bad deal. Similar leggings from the value brands are half the price and almost as good. Hoping the next drop is better.,Fictional data created for the MarketSignal demo.
R0183,2026-05-08,18-21,Studio Social,Northeast,Woman,Once a year or less,4,9,fit_inconsistency,"I take studio classes three times a week. I wish your fit notes on the site actually matched how things fit in real life. Tops run boxy and the shorts run tight, which makes building an outfit annoying. The leggings are still the best I own.",Fictional data created for the MarketSignal demo.
R0184,2026-05-22,18-21,Studio Social,West,Woman,Twice a year,5,8,fit_inconsistency,"I usually order online and return in store. The waist on the joggers is generous but the length is short, so nothing quite works. Hoping the next drop is better.",Fictional data created for the MarketSignal demo.
R0185,2026-05-13,18-21,Studio Social,Northeast,Man,Once a year or less,4,8,price_vs_value,If I am paying premium prices I want them to last longer than a semester. A loyalty discount for students would make a real difference for me.,Fictional data created for the MarketSignal demo.
R0186,2026-05-07,18-21,Value Seekers,Northeast,Woman,Monthly,2,6,fit_inconsistency,"Every Northstar item I own fits a little differently even when the tag says the same size. The waist on the joggers is generous but the length is short, so nothing quite works. It feels like nobody is listening.",Fictional data created for the MarketSignal demo.
R0187,2026-05-07,22-24,Campus Competitors,Southeast,Man,Every 2-3 months,5,6,community_social_proof,"There are not many reviews with photos, so it is hard to judge fit. I will think twice before ordering again.",Fictional data created for the MarketSignal demo.
R0188,2026-05-11,35-44,Established Active,Northeast,Woman,Every 2-3 months,4,9,lack_of_personalization,A way to save my fit preferences and get recommendations would be nice.,Fictional data created for the MarketSignal demo.
R0189,2026-05-19,22-24,Trail Starters,Southeast,Man,Twice a year,5,6,sizing_across_categories,"Your size chart is one table for everything, but apparel and footwear clearly use different patterns. It feels like nobody is listening.",Fictional data created for the MarketSignal demo.
R0190,2026-05-13,28-34,Established Active,Northeast,Man,Twice a year,2,9,price_vs_value,Similar leggings from the value brands are half the price and almost as good. The basics are fairly priced but the footwear feels expensive for what it is.,Fictional data created for the MarketSignal demo.
R0191,2026-05-16,18-21,Trail Starters,Midwest,Man,Every 2-3 months,3,7,fit_inconsistency,"The new batch of sports bras fits tighter than the old ones in the same size. Not a dealbreaker, but it adds up.",Fictional data created for the MarketSignal demo.
R0192,2026-05-18,18-21,Studio Social,Southeast,Man,Every 2-3 months,3,5,sizing_across_categories,"I had to size up in the trail shoe but down in the trainer, which makes no sense to me. My shoe size in your running line is not my size in your court shoes.",Fictional data created for the MarketSignal demo.
R0193,2026-05-21,22-24,Value Seekers,Southeast,Woman,Every 2-3 months,4,10,price_vs_value,The basics are fairly priced but the footwear feels expensive for what it is.,Fictional data created for the MarketSignal demo.
R0194,2026-05-09,25-27,Studio Social,Southwest,Man,Twice a year,5,9,knit_upper_durability,Great comfort out of the box but the upper did not hold up to daily wear. The leggings are still the best I own.,Fictional data created for the MarketSignal demo.
R0195,2026-05-21,22-24,Studio Social,Northeast,Woman,Once a year or less,3,7,sustainability_transparency,"I would pick the brand that is honest about its factories, even if it costs a bit more.",Fictional data created for the MarketSignal demo.
R0196,2026-05-06,22-24,Campus Competitors,Northeast,Woman,Twice a year,4,6,sustainability_transparency,"I want to know what the shoes are made of and where, not just a green label.",Fictional data created for the MarketSignal demo.
R0197,2026-05-18,28-34,Established Active,Midwest,Woman,Every 2-3 months,4,7,lack_of_personalization,My team wanted matching custom shoes and there was no option for it. Hoping the next drop is better.,Fictional data created for the MarketSignal demo.
R0198,2026-05-14,18-21,Trail Starters,West,Woman,Monthly,4,9,delivery_speed,I buy for hiking and weekend runs. I ordered for a race weekend and the package arrived after the race. In store pickup would help because I live near a mall with your store. Love the colors this season.,Fictional data created for the MarketSignal demo.
R0199,2026-05-20,18-21,Campus Competitors,West,Nonbinary,Twice a year,5,10,sizing_across_categories,Buying a full outfit means guessing three different sizes. Customer service was friendly when I reached out.,Fictional data created for the MarketSignal demo.
R0200,2026-05-07,28-34,Established Active,Midwest,Man,Every 2-3 months,2,8,delivery_speed,The tracking page was not updated for four days. In store pickup would help because I live near a mall with your store. Hoping the next drop is better.,Fictional data created for the MarketSignal demo.
R0201,2026-05-06,18-21,Campus Competitors,Southeast,Man,Twice a year,5,6,price_vs_value,I take studio classes three times a week. I only buy during sales now because full price feels too high. I have started buying from other brands.,Fictional data created for the MarketSignal demo.
R0202,2026-05-08,28-34,Established Active,West,Woman,Every 2-3 months,4,8,price_vs_value,I compare prices on my phone in the store and usually buy elsewhere. Shipping fees on small orders make the total feel like a bad deal.,Fictional data created for the MarketSignal demo.
R0203,2026-05-04,22-24,Value Seekers,Northeast,Woman,Twice a year,5,8,fit_inconsistency,I never know if I am a small or a medium with you until it arrives. I keep coming back mostly out of habit.,Fictional data created for the MarketSignal demo.
R0204,2026-05-07,25-27,Studio Social,Southwest,Man,Once a year or less,3,10,knit_upper_durability,I shop with you about every couple of months. Great comfort out of the box but the upper did not hold up to daily wear.,Fictional data created for the MarketSignal demo.
R0205,2026-05-21,18-21,Campus Competitors,Southeast,Woman,Every 2-3 months,5,8,sizing_across_categories,I trust the shoe sizing but the apparel sizing is a coin flip. I keep coming back mostly out of habit.,Fictional data created for the MarketSignal demo.
R0206,2026-05-04,18-21,Value Seekers,Northeast,Woman,Monthly,5,8,sustainability_transparency,"Tell me the actual percentage of recycled material instead of saying eco friendly. I want to know what the shoes are made of and where, not just a green label. I keep coming back mostly out of habit.",Fictional data created for the MarketSignal demo.
R0207,2026-05-17,35-44,Established Active,Midwest,Woman,Every 2-3 months,4,7,delivery_speed,"Delivery took over a week, which is slow compared with other sites I use. I ordered for a race weekend and the package arrived after the race. I keep coming back mostly out of habit.",Fictional data created for the MarketSignal demo.
R0208,2026-05-07,22-24,Studio Social,Southwest,Woman,Once a year or less,3,9,community_social_proof,"I buy for hiking and weekend runs. There are not many reviews with photos, so it is hard to judge fit. Still my go to brand for training.",Fictional data created for the MarketSignal demo.
R0209,2026-05-22,28-34,Established Active,Southeast,Woman,Twice a year,4,7,delivery_speed,Free shipping is great but not if it takes ten days.,Fictional data created for the MarketSignal demo.
R0210,2026-05-22,28-34,Established Active,Northeast,Woman,Every 2-3 months,3,4,knit_upper_durability,"I usually shop the sale section first. The fabric pilled after a few washes, which is not great at this price. The knit upper started to fray near the toe within a couple of months. I have started buying from other brands.",Fictional data created for the MarketSignal demo.
R0211,2026-05-20,45+,Established Active,Southwest,Woman,Once a year or less,2,9,sizing_across_categories,Buying a full outfit means guessing three different sizes. Customer service was friendly when I reached out.,Fictional data created for the MarketSignal demo.
R0212,2026-05-07,18-21,Campus Competitors,Midwest,Woman,Twice a year,5,9,fit_inconsistency,I buy for the gym and for class. Every Northstar item I own fits a little differently even when the tag says the same size. I wish your fit notes on the site actually matched how things fit in real life. Customer service was friendly when I reached out.,Fictional data created for the MarketSignal demo.
R0213,2026-05-15,22-24,Studio Social,Northeast,Man,Twice a year,5,8,knit_upper_durability,I expected the knit to last at least a season and it did not. Support offered a discount instead of a replacement when the upper wore through. Fix that and I would buy more often.,Fictional data created for the MarketSignal demo.
R0214,2026-05-12,18-21,Studio Social,Northeast,Woman,Every 2-3 months,4,7,sizing_across_categories,I play club volleyball and train most days. I trust the shoe sizing but the apparel sizing is a coin flip.,Fictional data created for the MarketSignal demo.
R0215,2026-05-09,28-34,Established Active,Northeast,Man,Once a year or less,4,9,community_social_proof,"I take studio classes three times a week. None of my friends talk about the brand, which makes me hesitate. Overall I am happy and will keep buying.",Fictional data created for the MarketSignal demo.
R0216,2026-05-20,35-44,Established Active,Midwest,Woman,Every 2-3 months,2,8,price_vs_value,I play club volleyball and train most days. If I am paying premium prices I want them to last longer than a semester.,Fictional data created for the MarketSignal demo.
R0217,2026-05-18,25-27,Trail Starters,Midwest,Man,Every 2-3 months,5,5,price_vs_value,If I am paying premium prices I want them to last longer than a semester. The basics are fairly priced but the footwear feels expensive for what it is. It feels like nobody is listening.,Fictional data created for the MarketSignal demo.
R0218,2026-05-15,25-27,Studio Social,Midwest,Woman,Once a year or less,5,8,price_vs_value,"I take studio classes three times a week. If I am paying premium prices I want them to last longer than a semester. It is fine, just not special.",Fictional data created for the MarketSignal demo.
R0219,2026-05-06,18-21,Studio Social,West,Man,Every 2-3 months,5,7,lack_of_personalization,The site recommends things that have nothing to do with what I bought.,Fictional data created for the MarketSignal demo.
R0220,2026-05-20,35-44,Established Active,Southeast,Man,Once a year or less,2,10,price_vs_value,A loyalty discount for students would make a real difference for me.,Fictional data created for the MarketSignal demo.
R0221,2026-05-12,18-21,Trail Starters,Midwest,Man,Twice a year,5,8,fit_inconsistency,"The waist on the joggers is generous but the length is short, so nothing quite works.",Fictional data created for the MarketSignal demo.
R0222,2026-05-17,22-24,Trail Starters,West,Man,Twice a year,5,3,fit_inconsistency,"I never know if I am a small or a medium with you until it arrives. Fit changes between seasons, so I cannot just reorder what I liked. I have started buying from other brands.",Fictional data created for the MarketSignal demo.
R0223,2026-05-04,22-24,Value Seekers,Southeast,Man,Twice a year,5,8,fit_inconsistency,My last two orders in the same size felt like they came from different brands. I keep coming back mostly out of habit.,Fictional data created for the MarketSignal demo.
R0224,2026-05-07,25-27,Studio Social,West,Woman,Every 2-3 months,3,10,lack_of_personalization,The site recommends things that have nothing to do with what I bought.,Fictional data created for the MarketSignal demo.
R0225,2026-05-21,22-24,Trail Starters,Southeast,Man,Monthly,3,5,knit_upper_durability,The mesh tore at the flex point and I only use them for the gym and walking. Support offered a discount instead of a replacement when the upper wore through.,Fictional data created for the MarketSignal demo.
R0226,2026-05-05,28-34,Established Active,Southwest,Man,Monthly,1,8,sustainability_transparency,Packaging is excessive for a single pair of socks.,Fictional data created for the MarketSignal demo.
R0227,2026-05-10,18-21,Campus Competitors,Northeast,Woman,Every 2-3 months,5,8,delivery_speed,"I buy for the gym and for class. Delivery took over a week, which is slow compared with other sites I use. I ordered for a race weekend and the package arrived after the race.",Fictional data created for the MarketSignal demo.
R0228,2026-05-07,35-44,Established Active,Northeast,Nonbinary,Twice a year,5,10,price_vs_value,I take studio classes three times a week. Similar leggings from the value brands are half the price and almost as good.,Fictional data created for the MarketSignal demo.
R0229,2026-05-11,22-24,Studio Social,Northeast,Woman,Every 2-3 months,4,10,sizing_across_categories,"Hoodies and joggers from the same collection fit like they were cut for different people. I wear different sizes in your tops and bottoms, and the size chart does not explain why. Customer service was friendly when I reached out.",Fictional data created for the MarketSignal demo.
R0230,2026-05-13,28-34,Established Active,Southwest,Man,Twice a year,3,9,fit_inconsistency,I take studio classes three times a week. Every Northstar item I own fits a little differently even when the tag says the same size. I wish your fit notes on the site actually matched how things fit in real life.,Fictional data created for the MarketSignal demo.
R0231,2026-05-07,45+,Established Active,West,Woman,Every 2-3 months,5,10,delivery_speed,I run four days a week. The tracking page was not updated for four days.,Fictional data created for the MarketSignal demo.
R0232,2026-05-05,22-24,Campus Competitors,Midwest,Woman,Every 2-3 months,2,9,community_social_proof,Real customer try on videos would help more than polished ads. Love the colors this season.,Fictional data created for the MarketSignal demo.
R0233,2026-05-21,25-27,Value Seekers,Southeast,Man,Twice a year,3,10,fit_inconsistency,"The same size in two colors of the same legging did not fit the same. The waist on the joggers is generous but the length is short, so nothing quite works.",Fictional data created for the MarketSignal demo.
R0234,2026-05-14,35-44,Established Active,West,Woman,Every 2-3 months,1,8,delivery_speed,I ordered for a race weekend and the package arrived after the race. I would pay a little extra for two day delivery if it was offered.,Fictional data created for the MarketSignal demo.
R0235,2026-05-10,18-21,Value Seekers,Midwest,Man,Once a year or less,2,9,sustainability_transparency,I mainly buy leggings and tees. I looked for a sustainability report and could not find anything recent.,Fictional data created for the MarketSignal demo.
R0236,2026-05-09,22-24,Studio Social,Northeast,Man,Every 2-3 months,3,6,price_vs_value,I run four days a week. I only buy during sales now because full price feels too high.,Fictional data created for the MarketSignal demo.
R0237,2026-05-12,18-21,Campus Competitors,Southwest,Man,Twice a year,5,4,fit_inconsistency,Every Northstar item I own fits a little differently even when the tag says the same size. I have started buying from other brands.,Fictional data created for the MarketSignal demo.
R0238,2026-05-09,25-27,Trail Starters,West,Woman,Every 2-3 months,3,8,price_vs_value,I usually shop the sale section first. If I am paying premium prices I want them to last longer than a semester.,Fictional data created for the MarketSignal demo.
R0239,2026-05-06,22-24,Campus Competitors,Southeast,Woman,Every 2-3 months,3,10,sizing_across_categories,Hoodies and joggers from the same collection fit like they were cut for different people.,Fictional data created for the MarketSignal demo.
R0240,2026-05-15,35-44,Established Active,Northeast,Man,Every 2-3 months,2,8,lack_of_personalization,I started buying Northstar in college. I would love to customize colors or add my initials like I can with other brands.,Fictional data created for the MarketSignal demo.
R0241,2026-05-18,28-34,Established Active,Southwest,Man,Twice a year,3,9,price_vs_value,I discovered the brand through friends. The basics are fairly priced but the footwear feels expensive for what it is. Shipping fees on small orders make the total feel like a bad deal.,Fictional data created for the MarketSignal demo.
R0242,2026-05-04,22-24,Trail Starters,Southeast,Man,Twice a year,5,2,delivery_speed,The order was split into three packages arriving on different days. I will think twice before ordering again.,Fictional data created for the MarketSignal demo.
R0243,2026-05-06,25-27,Studio Social,Southeast,Nonbinary,Every 2-3 months,5,3,sustainability_transparency,"I want to know what the shoes are made of and where, not just a green label. There is no information about repair or recycling old pairs.",Fictional data created for the MarketSignal demo.
R0244,2026-05-21,28-34,Established Active,Southeast,Nonbinary,Twice a year,3,9,delivery_speed,"Delivery took over a week, which is slow compared with other sites I use. I would pay a little extra for two day delivery if it was offered.",Fictional data created for the MarketSignal demo.
R0245,2026-05-13,22-24,Value Seekers,Northeast,Man,Once a year or less,5,6,sustainability_transparency,"I mostly shop on the app. I would pick the brand that is honest about its factories, even if it costs a bit more. I will think twice before ordering again.",Fictional data created for the MarketSignal demo.
R0246,2026-05-05,35-44,Established Active,West,Woman,Once a year or less,4,9,sizing_across_categories,"My budget is tight so I compare a lot. Your size chart is one table for everything, but apparel and footwear clearly use different patterns. I trust the shoe sizing but the apparel sizing is a coin flip. Customer service was friendly when I reached out.",Fictional data created for the MarketSignal demo.
R0247,2026-05-05,28-34,Established Active,Northeast,Man,Every 2-3 months,4,9,sizing_across_categories,I usually shop the sale section first. My shoe size in your running line is not my size in your court shoes. I recommend you to friends anyway.,Fictional data created for the MarketSignal demo.
R0248,2026-05-07,18-21,Value Seekers,Southeast,Man,Monthly,5,10,sizing_across_categories,"Your size chart is one table for everything, but apparel and footwear clearly use different patterns.",Fictional data created for the MarketSignal demo.
R0249,2026-05-13,28-34,Established Active,Southeast,Woman,Every 2-3 months,3,8,delivery_speed,"Delivery took over a week, which is slow compared with other sites I use.",Fictional data created for the MarketSignal demo.
R0250,2026-05-08,28-34,Established Active,West,Man,Every 2-3 months,3,9,fit_inconsistency,"Fit changes between seasons, so I cannot just reorder what I liked. I wish your fit notes on the site actually matched how things fit in real life. Overall I am happy and will keep buying.",Fictional data created for the MarketSignal demo.
R0251,2026-05-17,25-27,Studio Social,Northeast,Woman,Twice a year,1,10,delivery_speed,"Delivery took over a week, which is slow compared with other sites I use. The tracking page was not updated for four days. The leggings are still the best I own.",Fictional data created for the MarketSignal demo.
R0252,2026-05-06,35-44,Established Active,Midwest,Man,Monthly,3,5,knit_upper_durability,My budget is tight so I compare a lot. Support offered a discount instead of a replacement when the upper wore through. That experience really put me off.,Fictional data created for the MarketSignal demo.
R0253,2026-05-06,25-27,Trail Starters,Southeast,Woman,Twice a year,3,8,sizing_across_categories,"Most of my wardrobe is athletic wear. Buying a full outfit means guessing three different sizes. It is fine, just not special.",Fictional data created for the MarketSignal demo.
R0254,2026-05-20,22-24,Studio Social,Southeast,Woman,Once a year or less,4,8,fit_inconsistency,"I buy for hiking and weekend runs. Half my returns are because the fit was off, not because I disliked the style. Hoping the next drop is better.",Fictional data created for the MarketSignal demo.
R0255,2026-05-17,28-34,Established Active,Southeast,Man,Twice a year,5,10,fit_inconsistency,My last two orders in the same size felt like they came from different brands. Love the colors this season.,Fictional data created for the MarketSignal demo.
R0256,2026-05-17,28-34,Established Active,Southeast,Woman,Every 2-3 months,4,7,sizing_across_categories,Buying a full outfit means guessing three different sizes. Fix that and I would buy more often.,Fictional data created for the MarketSignal demo.
R0257,2026-05-17,45+,Established Active,Southwest,Nonbinary,Once a year or less,5,10,price_vs_value,Most of my wardrobe is athletic wear. A loyalty discount for students would make a real difference for me. Overall I am happy and will keep buying.,Fictional data created for the MarketSignal demo.
R0258,2026-05-13,28-34,Established Active,Northeast,Woman,Twice a year,2,9,price_vs_value,Most of my wardrobe is athletic wear. I compare prices on my phone in the store and usually buy elsewhere. The leggings are still the best I own.,Fictional data created for the MarketSignal demo.
R0259,2026-05-06,22-24,Campus Competitors,Southeast,Man,Monthly,4,7,knit_upper_durability,I take studio classes three times a week. My runners look worn out long before the sole does. I expected the knit to last at least a season and it did not.,Fictional data created for the MarketSignal demo.
R0260,2026-05-05,18-21,Value Seekers,Southeast,Man,Twice a year,4,10,lack_of_personalization,I buy for the gym and for class. I would try a made for me option if it did not take forever. Love the colors this season.,Fictional data created for the MarketSignal demo.
R0261,2026-05-07,18-21,Campus Competitors,Northeast,Woman,Twice a year,5,6,community_social_proof,I would join group runs or events if you hosted any near me.,Fictional data created for the MarketSignal demo.
R0262,2026-05-05,35-44,Established Active,Southwest,Woman,Every 2-3 months,4,10,fit_inconsistency,"My last two orders in the same size felt like they came from different brands. Half my returns are because the fit was off, not because I disliked the style. Still my go to brand for training.",Fictional data created for the MarketSignal demo.
R0263,2026-05-17,18-21,Campus Competitors,Southeast,Woman,Every 2-3 months,2,5,sizing_across_categories,"I mainly buy leggings and tees. I wear different sizes in your tops and bottoms, and the size chart does not explain why. I will think twice before ordering again.",Fictional data created for the MarketSignal demo.
R0264,2026-05-07,22-24,Value Seekers,Southeast,Nonbinary,Every 2-3 months,5,4,price_vs_value,Shipping fees on small orders make the total feel like a bad deal. A loyalty discount for students would make a real difference for me.,Fictional data created for the MarketSignal demo.
R0265,2026-05-22,22-24,Trail Starters,West,Woman,Every 2-3 months,4,2,delivery_speed,I would pay a little extra for two day delivery if it was offered. I ordered for a race weekend and the package arrived after the race. It feels like nobody is listening.,Fictional data created for the MarketSignal demo.
R0266,2026-05-19,22-24,Studio Social,West,Man,Twice a year,3,8,knit_upper_durability,Support offered a discount instead of a replacement when the upper wore through.,Fictional data created for the MarketSignal demo.
R0267,2026-05-04,22-24,Campus Competitors,Midwest,Woman,Monthly,4,8,delivery_speed,I started buying Northstar in college. Free shipping is great but not if it takes ten days.,Fictional data created for the MarketSignal demo.
R0268,2026-05-06,18-21,Campus Competitors,Southwest,Man,Twice a year,3,9,price_vs_value,Similar leggings from the value brands are half the price and almost as good. The leggings are still the best I own.,Fictional data created for the MarketSignal demo.
R0269,2026-05-05,18-21,Campus Competitors,Southwest,Woman,Twice a year,3,10,community_social_proof,"I usually shop the sale section first. There are not many reviews with photos, so it is hard to judge fit. I rarely see your products in my feed or from creators I follow.",Fictional data created for the MarketSignal demo.
R0270,2026-05-14,28-34,Established Active,West,Man,Twice a year,1,8,price_vs_value,If I am paying premium prices I want them to last longer than a semester. Hoping the next drop is better.,Fictional data created for the MarketSignal demo.
R0271,2026-05-21,18-21,Value Seekers,Southwest,Woman,Once a year or less,5,7,lack_of_personalization,I would love to customize colors or add my initials like I can with other brands. A way to save my fit preferences and get recommendations would be nice. Fix that and I would buy more often.,Fictional data created for the MarketSignal demo.
R0272,2026-05-19,25-27,Studio Social,Midwest,Woman,Twice a year,3,9,sizing_across_categories,I started buying Northstar in college. Hoodies and joggers from the same collection fit like they were cut for different people. Love the colors this season.,Fictional data created for the MarketSignal demo.
R0273,2026-05-13,18-21,Campus Competitors,West,Woman,Every 2-3 months,4,9,fit_inconsistency,"I wish your fit notes on the site actually matched how things fit in real life. Tops run boxy and the shorts run tight, which makes building an outfit annoying. I recommend you to friends anyway.",Fictional data created for the MarketSignal demo.
R0274,2026-05-04,28-34,Established Active,Midwest,Woman,Monthly,3,8,delivery_speed,"I shop with you about every couple of months. The tracking page was not updated for four days. It is fine, just not special.",Fictional data created for the MarketSignal demo.
R0275,2026-05-13,18-21,Studio Social,West,Man,Twice a year,5,7,delivery_speed,"I mainly buy leggings and tees. The tracking page was not updated for four days. Delivery took over a week, which is slow compared with other sites I use. It is fine, just not special.",Fictional data created for the MarketSignal demo.
R0276,2026-05-05,35-44,Established Active,Midwest,Woman,Twice a year,3,2,lack_of_personalization,I would love to customize colors or add my initials like I can with other brands. Honestly I am close to giving up on the brand.,Fictional data created for the MarketSignal demo.
R0277,2026-05-08,18-21,Trail Starters,Southeast,Man,Every 2-3 months,5,6,sizing_across_categories,"I take studio classes three times a week. I wear different sizes in your tops and bottoms, and the size chart does not explain why. Honestly I am close to giving up on the brand.",Fictional data created for the MarketSignal demo.
R0278,2026-05-04,28-34,Established Active,Northeast,Man,Twice a year,2,6,knit_upper_durability,There is a small hole forming where my big toe bends after about ten weeks.,Fictional data created for the MarketSignal demo.
R0279,2026-05-12,22-24,Campus Competitors,Midwest,Man,Every 2-3 months,5,7,fit_inconsistency,I play club volleyball and train most days. The new batch of sports bras fits tighter than the old ones in the same size.,Fictional data created for the MarketSignal demo.
R0280,2026-05-09,22-24,Value Seekers,Southwest,Woman,Monthly,4,8,price_vs_value,"I play club volleyball and train most days. The basics are fairly priced but the footwear feels expensive for what it is. It is fine, just not special.",Fictional data created for the MarketSignal demo.
R0281,2026-05-14,45+,Established Active,Southwest,Woman,Monthly,5,8,knit_upper_durability,I started buying Northstar in college. I expected the knit to last at least a season and it did not. I keep coming back mostly out of habit.,Fictional data created for the MarketSignal demo.
R0282,2026-05-21,28-34,Established Active,Northeast,Woman,Every 2-3 months,5,8,lack_of_personalization,I started buying Northstar in college. I would love to customize colors or add my initials like I can with other brands.,Fictional data created for the MarketSignal demo.
R0283,2026-05-09,22-24,Studio Social,Midwest,Woman,Every 2-3 months,2,9,fit_inconsistency,I usually shop the sale section first. The new batch of sports bras fits tighter than the old ones in the same size. Overall I am happy and will keep buying.,Fictional data created for the MarketSignal demo.
R0284,2026-05-11,45+,Established Active,Northeast,Man,Twice a year,2,9,fit_inconsistency,I usually shop the sale section first. The same size in two colors of the same legging did not fit the same.,Fictional data created for the MarketSignal demo.
R0285,2026-05-13,25-27,Trail Starters,Southwest,Man,Twice a year,3,7,fit_inconsistency,I never know if I am a small or a medium with you until it arrives.,Fictional data created for the MarketSignal demo.
R0286,2026-05-08,25-27,Trail Starters,Northeast,Woman,Every 2-3 months,4,9,community_social_proof,I rarely see your products in my feed or from creators I follow. Love the colors this season.,Fictional data created for the MarketSignal demo.
R0287,2026-05-17,18-21,Campus Competitors,Southeast,Woman,Every 2-3 months,5,9,knit_upper_durability,I mainly buy leggings and tees. The mesh tore at the flex point and I only use them for the gym and walking. Great comfort out of the box but the upper did not hold up to daily wear. The leggings are still the best I own.,Fictional data created for the MarketSignal demo.
R0288,2026-05-04,25-27,Value Seekers,Southwest,Woman,Once a year or less,4,9,knit_upper_durability,I started buying Northstar in college. I expected the knit to last at least a season and it did not.,Fictional data created for the MarketSignal demo.
R0289,2026-05-20,35-44,Established Active,Southeast,Man,Every 2-3 months,4,8,sustainability_transparency,There is no information about repair or recycling old pairs.,Fictional data created for the MarketSignal demo.
R0290,2026-05-12,22-24,Campus Competitors,Northeast,Man,Twice a year,5,10,fit_inconsistency,My budget is tight so I compare a lot. My last two orders in the same size felt like they came from different brands. I never know if I am a small or a medium with you until it arrives. Overall I am happy and will keep buying.,Fictional data created for the MarketSignal demo.
R0291,2026-05-05,28-34,Established Active,West,Man,Twice a year,2,9,sizing_across_categories,"I mostly shop on the app. Your size chart is one table for everything, but apparel and footwear clearly use different patterns. I wear different sizes in your tops and bottoms, and the size chart does not explain why.",Fictional data created for the MarketSignal demo.
R0292,2026-05-17,25-27,Value Seekers,West,Man,Every 2-3 months,4,5,knit_upper_durability,I usually shop the sale section first. My runners look worn out long before the sole does.,Fictional data created for the MarketSignal demo.
R0293,2026-05-12,18-21,Value Seekers,Northeast,Nonbinary,Every 2-3 months,3,10,sustainability_transparency,Tell me the actual percentage of recycled material instead of saying eco friendly. I recommend you to friends anyway.,Fictional data created for the MarketSignal demo.
R0294,2026-05-07,35-44,Established Active,West,Woman,Every 2-3 months,2,5,price_vs_value,"I take studio classes three times a week. Prices went up but the quality did not, so the value is not there anymore. That experience really put me off.",Fictional data created for the MarketSignal demo.
R0295,2026-05-15,22-24,Studio Social,Northeast,Woman,Every 2-3 months,5,7,community_social_proof,Most of my wardrobe is athletic wear. Real customer try on videos would help more than polished ads. Hoping the next drop is better.,Fictional data created for the MarketSignal demo.
R0296,2026-05-22,22-24,Value Seekers,West,Man,Twice a year,2,9,price_vs_value,Similar leggings from the value brands are half the price and almost as good. The leggings are still the best I own.,Fictional data created for the MarketSignal demo.
R0297,2026-05-17,18-21,Value Seekers,Northeast,Woman,Every 2-3 months,5,7,price_vs_value,"Prices went up but the quality did not, so the value is not there anymore. Fix that and I would buy more often.",Fictional data created for the MarketSignal demo.
R0298,2026-05-08,28-34,Established Active,Northeast,Woman,Every 2-3 months,3,9,knit_upper_durability,I usually shop the sale section first. The knit upper started to fray near the toe within a couple of months. There is a small hole forming where my big toe bends after about ten weeks.,Fictional data created for the MarketSignal demo.
R0299,2026-05-19,25-27,Trail Starters,Northeast,Nonbinary,Every 2-3 months,2,9,community_social_proof,"None of my friends talk about the brand, which makes me hesitate. Love the colors this season.",Fictional data created for the MarketSignal demo.
R0300,2026-05-08,45+,Established Active,Southeast,Man,Every 2-3 months,3,9,price_vs_value,My budget is tight so I compare a lot. Shipping fees on small orders make the total feel like a bad deal. Overall I am happy and will keep buying.,Fictional data created for the MarketSignal demo.
R0301,2026-05-07,28-34,Established Active,Northeast,Man,Twice a year,3,7,sizing_across_categories,Hoodies and joggers from the same collection fit like they were cut for different people.,Fictional data created for the MarketSignal demo.
R0302,2026-05-21,25-27,Value Seekers,Southwest,Nonbinary,Once a year or less,5,8,fit_inconsistency,"Half my returns are because the fit was off, not because I disliked the style. I wish your fit notes on the site actually matched how things fit in real life. Fix that and I would buy more often.",Fictional data created for the MarketSignal demo.
R0303,2026-05-12,28-34,Established Active,Northeast,Man,Twice a year,4,9,fit_inconsistency,"Half my returns are because the fit was off, not because I disliked the style. Every Northstar item I own fits a little differently even when the tag says the same size.",Fictional data created for the MarketSignal demo.
R0304,2026-05-22,22-24,Campus Competitors,Midwest,Woman,Every 2-3 months,1,9,sustainability_transparency,Most of my wardrobe is athletic wear. The recycled claims are vague and I cannot find any details on the product page.,Fictional data created for the MarketSignal demo.
R0305,2026-05-16,18-21,Campus Competitors,West,Man,Every 2-3 months,5,9,sustainability_transparency,There is no information about repair or recycling old pairs. Overall I am happy and will keep buying.,Fictional data created for the MarketSignal demo.
R0306,2026-05-11,25-27,Trail Starters,Midwest,Man,Every 2-3 months,2,8,sustainability_transparency,"I want to know what the shoes are made of and where, not just a green label.",Fictional data created for the MarketSignal demo.
R0307,2026-05-09,35-44,Established Active,Midwest,Man,Every 2-3 months,3,8,sustainability_transparency,There is no information about repair or recycling old pairs. I keep coming back mostly out of habit.,Fictional data created for the MarketSignal demo.
R0308,2026-05-05,35-44,Established Active,Northeast,Woman,Twice a year,4,9,delivery_speed,Free shipping is great but not if it takes ten days. The order was split into three packages arriving on different days.,Fictional data created for the MarketSignal demo.
R0309,2026-05-10,22-24,Value Seekers,Midwest,Woman,Twice a year,3,9,knit_upper_durability,I take studio classes three times a week. Support offered a discount instead of a replacement when the upper wore through.,Fictional data created for the MarketSignal demo.
R0310,2026-05-04,18-21,Value Seekers,Midwest,Man,Twice a year,3,6,knit_upper_durability,"Support offered a discount instead of a replacement when the upper wore through. The fabric pilled after a few washes, which is not great at this price.",Fictional data created for the MarketSignal demo.
R0311,2026-05-18,35-44,Established Active,Southeast,Woman,Once a year or less,4,8,knit_upper_durability,"The fabric pilled after a few washes, which is not great at this price.",Fictional data created for the MarketSignal demo.
R0312,2026-05-09,25-27,Studio Social,Southwest,Woman,Every 2-3 months,5,8,sizing_across_categories,"I mostly shop on the app. A simple size converter between your categories would save me a return every time. I wear different sizes in your tops and bottoms, and the size chart does not explain why.",Fictional data created for the MarketSignal demo.
R0313,2026-05-10,18-21,Trail Starters,West,Man,Twice a year,4,9,community_social_proof,"My run club mostly wears other brands, so I hear less about yours.",Fictional data created for the MarketSignal demo.
R0314,2026-05-04,22-24,Campus Competitors,Southwest,Man,Every 2-3 months,5,8,knit_upper_durability,The knit upper started to fray near the toe within a couple of months.,Fictional data created for the MarketSignal demo.
R0315,2026-05-22,22-24,Studio Social,Midwest,Woman,Monthly,4,9,fit_inconsistency,"Half my returns are because the fit was off, not because I disliked the style.",Fictional data created for the MarketSignal demo.
R0316,2026-05-19,22-24,Studio Social,West,Man,Every 2-3 months,3,8,price_vs_value,I buy for the gym and for class. I only buy during sales now because full price feels too high. Fix that and I would buy more often.,Fictional data created for the MarketSignal demo.
R0317,2026-05-09,35-44,Established Active,Southeast,Man,Monthly,4,9,price_vs_value,My budget is tight so I compare a lot. Shipping fees on small orders make the total feel like a bad deal. A loyalty discount for students would make a real difference for me. Customer service was friendly when I reached out.,Fictional data created for the MarketSignal demo.
R0318,2026-05-16,22-24,Campus Competitors,Southeast,Man,Once a year or less,4,6,fit_inconsistency,My last two orders in the same size felt like they came from different brands.,Fictional data created for the MarketSignal demo.
R0319,2026-05-16,28-34,Established Active,Midwest,Woman,Every 2-3 months,5,10,price_vs_value,Shipping fees on small orders make the total feel like a bad deal.,Fictional data created for the MarketSignal demo.
R0320,2026-05-14,45+,Established Active,Southeast,Man,Twice a year,4,10,sizing_across_categories,I run four days a week. My shoe size in your running line is not my size in your court shoes.,Fictional data created for the MarketSignal demo.
R0321,2026-05-11,22-24,Trail Starters,Southwest,Woman,Every 2-3 months,4,9,fit_inconsistency,I discovered the brand through friends. I never know if I am a small or a medium with you until it arrives.,Fictional data created for the MarketSignal demo.
R0322,2026-05-13,18-21,Campus Competitors,Southeast,Man,Every 2-3 months,5,10,price_vs_value,Similar leggings from the value brands are half the price and almost as good. The leggings are still the best I own.,Fictional data created for the MarketSignal demo.
R0323,2026-05-12,22-24,Studio Social,Southeast,Nonbinary,Every 2-3 months,4,10,price_vs_value,I started buying Northstar in college. I compare prices on my phone in the store and usually buy elsewhere. Love the colors this season.,Fictional data created for the MarketSignal demo.
R0324,2026-05-15,22-24,Studio Social,Northeast,Woman,Twice a year,3,5,fit_inconsistency,The same size in two colors of the same legging did not fit the same.,Fictional data created for the MarketSignal demo.
R0325,2026-05-14,35-44,Established Active,West,Woman,Monthly,4,8,delivery_speed,I would pay a little extra for two day delivery if it was offered. I ordered for a race weekend and the package arrived after the race.,Fictional data created for the MarketSignal demo.
R0326,2026-05-22,35-44,Established Active,Southeast,Man,Every 2-3 months,3,7,price_vs_value,Shipping fees on small orders make the total feel like a bad deal.,Fictional data created for the MarketSignal demo.
R0327,2026-05-19,22-24,Campus Competitors,Northeast,Man,Monthly,3,8,sizing_across_categories,"I wear different sizes in your tops and bottoms, and the size chart does not explain why.",Fictional data created for the MarketSignal demo.
R0328,2026-05-13,18-21,Campus Competitors,West,Man,Monthly,4,8,knit_upper_durability,There is a small hole forming where my big toe bends after about ten weeks. I keep coming back mostly out of habit.,Fictional data created for the MarketSignal demo.
R0329,2026-05-08,25-27,Trail Starters,Northeast,Woman,Every 2-3 months,3,9,sizing_across_categories,I discovered the brand through friends. A simple size converter between your categories would save me a return every time. Love the colors this season.,Fictional data created for the MarketSignal demo.
R0330,2026-05-18,18-21,Campus Competitors,West,Man,Twice a year,4,8,price_vs_value,"Prices went up but the quality did not, so the value is not there anymore. Fix that and I would buy more often.",Fictional data created for the MarketSignal demo.
R0331,2026-05-04,45+,Established Active,Midwest,Nonbinary,Every 2-3 months,2,9,community_social_proof,Real customer try on videos would help more than polished ads. I recommend you to friends anyway.,Fictional data created for the MarketSignal demo.
R0332,2026-05-17,35-44,Established Active,Midwest,Woman,Monthly,1,9,sustainability_transparency,Most of my wardrobe is athletic wear. Tell me the actual percentage of recycled material instead of saying eco friendly. I recommend you to friends anyway.,Fictional data created for the MarketSignal demo.
R0333,2026-05-08,25-27,Value Seekers,Northeast,Woman,Once a year or less,4,9,fit_inconsistency,"I discovered the brand through friends. Half my returns are because the fit was off, not because I disliked the style. Every Northstar item I own fits a little differently even when the tag says the same size. The leggings are still the best I own.",Fictional data created for the MarketSignal demo.
R0334,2026-05-08,25-27,Trail Starters,West,Woman,Every 2-3 months,4,8,sizing_across_categories,"I wear different sizes in your tops and bottoms, and the size chart does not explain why.",Fictional data created for the MarketSignal demo.
R0335,2026-05-16,25-27,Studio Social,Southwest,Woman,Every 2-3 months,5,10,delivery_speed,I started buying Northstar in college. Free shipping is great but not if it takes ten days. The tracking page was not updated for four days.,Fictional data created for the MarketSignal demo.
R0336,2026-05-18,25-27,Studio Social,Southwest,Man,Every 2-3 months,5,10,knit_upper_durability,The knit upper started to fray near the toe within a couple of months.,Fictional data created for the MarketSignal demo.
R0337,2026-05-20,18-21,Value Seekers,Midwest,Woman,Every 2-3 months,3,5,sizing_across_categories,"I wear different sizes in your tops and bottoms, and the size chart does not explain why. Honestly I am close to giving up on the brand.",Fictional data created for the MarketSignal demo.
R0338,2026-05-20,22-24,Studio Social,Northeast,Woman,Every 2-3 months,4,8,fit_inconsistency,"I wish your fit notes on the site actually matched how things fit in real life. It is fine, just not special.",Fictional data created for the MarketSignal demo.
R0339,2026-05-20,28-34,Established Active,Midwest,Nonbinary,Every 2-3 months,2,9,price_vs_value,The basics are fairly priced but the footwear feels expensive for what it is. If I am paying premium prices I want them to last longer than a semester.,Fictional data created for the MarketSignal demo.
R0340,2026-05-17,25-27,Studio Social,West,Man,Once a year or less,4,8,sizing_across_categories,"My budget is tight so I compare a lot. Your size chart is one table for everything, but apparel and footwear clearly use different patterns. Hoping the next drop is better.",Fictional data created for the MarketSignal demo.
R0341,2026-05-08,35-44,Established Active,West,Man,Every 2-3 months,4,9,community_social_proof,I mostly shop on the app. I rarely see your products in my feed or from creators I follow. Overall I am happy and will keep buying.,Fictional data created for the MarketSignal demo.
R0342,2026-05-14,18-21,Campus Competitors,West,Woman,Every 2-3 months,5,8,lack_of_personalization,"My budget is tight so I compare a lot. I would love to customize colors or add my initials like I can with other brands. Not a dealbreaker, but it adds up.",Fictional data created for the MarketSignal demo.
R0343,2026-05-15,28-34,Established Active,Midwest,Man,Once a year or less,2,8,price_vs_value,If I am paying premium prices I want them to last longer than a semester. I keep coming back mostly out of habit.,Fictional data created for the MarketSignal demo.
R0344,2026-05-11,25-27,Studio Social,Southwest,Woman,Every 2-3 months,3,10,knit_upper_durability,There is a small hole forming where my big toe bends after about ten weeks. Customer service was friendly when I reached out.,Fictional data created for the MarketSignal demo.
R0345,2026-05-20,28-34,Established Active,West,Woman,Twice a year,5,8,price_vs_value,I only buy during sales now because full price feels too high. I keep coming back mostly out of habit.,Fictional data created for the MarketSignal demo.
R0346,2026-05-08,18-21,Value Seekers,Southwest,Woman,Twice a year,4,6,sizing_across_categories,"I had to size up in the trail shoe but down in the trainer, which makes no sense to me.",Fictional data created for the MarketSignal demo.
R0347,2026-05-14,28-34,Established Active,Northeast,Woman,Every 2-3 months,5,9,price_vs_value,A loyalty discount for students would make a real difference for me.,Fictional data created for the MarketSignal demo.
R0348,2026-05-15,22-24,Campus Competitors,Northeast,Man,Twice a year,5,8,knit_upper_durability,Support offered a discount instead of a replacement when the upper wore through.,Fictional data created for the MarketSignal demo.
R0349,2026-05-16,25-27,Trail Starters,Southeast,Woman,Once a year or less,5,10,knit_upper_durability,Great comfort out of the box but the upper did not hold up to daily wear. Overall I am happy and will keep buying.,Fictional data created for the MarketSignal demo.
R0350,2026-05-12,25-27,Studio Social,Midwest,Woman,Twice a year,4,10,sizing_across_categories,"I had to size up in the trail shoe but down in the trainer, which makes no sense to me. Love the colors this season.",Fictional data created for the MarketSignal demo.
R0351,2026-05-20,25-27,Trail Starters,West,Man,Twice a year,3,5,fit_inconsistency,"Tops run boxy and the shorts run tight, which makes building an outfit annoying. I wish your fit notes on the site actually matched how things fit in real life.",Fictional data created for the MarketSignal demo.
R0352,2026-05-21,22-24,Campus Competitors,Southwest,Nonbinary,Every 2-3 months,5,2,lack_of_personalization,I would love to customize colors or add my initials like I can with other brands.,Fictional data created for the MarketSignal demo.
R0353,2026-05-09,25-27,Value Seekers,Southwest,Man,Every 2-3 months,4,7,fit_inconsistency,I started buying Northstar in college. I wish your fit notes on the site actually matched how things fit in real life. I keep coming back mostly out of habit.,Fictional data created for the MarketSignal demo.
R0354,2026-05-10,25-27,Studio Social,Southwest,Nonbinary,Twice a year,5,7,fit_inconsistency,The same size in two colors of the same legging did not fit the same. Hoping the next drop is better.,Fictional data created for the MarketSignal demo.
R0355,2026-05-20,22-24,Studio Social,West,Man,Monthly,5,10,sizing_across_categories,I usually order online and return in store. Buying a full outfit means guessing three different sizes. I trust the shoe sizing but the apparel sizing is a coin flip. Overall I am happy and will keep buying.,Fictional data created for the MarketSignal demo.
R0356,2026-05-06,45+,Established Active,Southeast,Woman,Monthly,5,10,delivery_speed,"I discovered the brand through friends. Free shipping is great but not if it takes ten days. Delivery took over a week, which is slow compared with other sites I use.",Fictional data created for the MarketSignal demo.
R0357,2026-05-18,28-34,Established Active,Southeast,Woman,Once a year or less,3,8,sizing_across_categories,"I wear different sizes in your tops and bottoms, and the size chart does not explain why. It is fine, just not special.",Fictional data created for the MarketSignal demo.
R0358,2026-05-05,22-24,Value Seekers,Northeast,Man,Twice a year,4,10,sustainability_transparency,Tell me the actual percentage of recycled material instead of saying eco friendly. The recycled claims are vague and I cannot find any details on the product page.,Fictional data created for the MarketSignal demo.
R0359,2026-05-13,18-21,Campus Competitors,West,Man,Monthly,1,9,community_social_proof,"I mostly shop on the app. I rarely see your products in my feed or from creators I follow. None of my friends talk about the brand, which makes me hesitate. Love the colors this season.",Fictional data created for the MarketSignal demo.
R0360,2026-05-21,18-21,Studio Social,Southeast,Woman,Monthly,4,8,fit_inconsistency,I usually order online and return in store. I never know if I am a small or a medium with you until it arrives. Fix that and I would buy more often.,Fictional data created for the MarketSignal demo.
R0361,2026-05-21,22-24,Trail Starters,Midwest,Woman,Every 2-3 months,4,9,lack_of_personalization,My team wanted matching custom shoes and there was no option for it. Everything looks the same as what everyone else is wearing. The leggings are still the best I own.,Fictional data created for the MarketSignal demo.
R0362,2026-05-22,45+,Established Active,Southeast,Woman,Every 2-3 months,3,8,fit_inconsistency,"I started buying Northstar in college. Every Northstar item I own fits a little differently even when the tag says the same size. Not a dealbreaker, but it adds up.",Fictional data created for the MarketSignal demo.
R0363,2026-05-11,22-24,Trail Starters,West,Woman,Twice a year,4,10,delivery_speed,"My budget is tight so I compare a lot. Delivery took over a week, which is slow compared with other sites I use.",Fictional data created for the MarketSignal demo.
R0364,2026-05-07,22-24,Studio Social,Southwest,Woman,Every 2-3 months,5,5,fit_inconsistency,"Tops run boxy and the shorts run tight, which makes building an outfit annoying. The new batch of sports bras fits tighter than the old ones in the same size. I will think twice before ordering again.",Fictional data created for the MarketSignal demo.
R0365,2026-05-21,18-21,Trail Starters,Southwest,Man,Every 2-3 months,4,7,sizing_across_categories,"I had to size up in the trail shoe but down in the trainer, which makes no sense to me. I trust the shoe sizing but the apparel sizing is a coin flip.",Fictional data created for the MarketSignal demo.
R0366,2026-05-13,35-44,Established Active,Northeast,Nonbinary,Every 2-3 months,3,10,delivery_speed,"I mostly shop on the app. Free shipping is great but not if it takes ten days. Delivery took over a week, which is slow compared with other sites I use. Customer service was friendly when I reached out.",Fictional data created for the MarketSignal demo.
R0367,2026-05-04,28-34,Established Active,Southeast,Woman,Once a year or less,5,10,price_vs_value,Shipping fees on small orders make the total feel like a bad deal.,Fictional data created for the MarketSignal demo.
R0368,2026-05-08,22-24,Value Seekers,Southeast,Man,Every 2-3 months,5,9,fit_inconsistency,"Half my returns are because the fit was off, not because I disliked the style. Every Northstar item I own fits a little differently even when the tag says the same size. The leggings are still the best I own.",Fictional data created for the MarketSignal demo.
R0369,2026-05-15,22-24,Trail Starters,West,Nonbinary,Every 2-3 months,3,5,sizing_across_categories,Hoodies and joggers from the same collection fit like they were cut for different people. That experience really put me off.,Fictional data created for the MarketSignal demo.
R0370,2026-05-17,18-21,Campus Competitors,West,Man,Monthly,5,9,price_vs_value,"Shipping fees on small orders make the total feel like a bad deal. Prices went up but the quality did not, so the value is not there anymore. Customer service was friendly when I reached out.",Fictional data created for the MarketSignal demo.
R0371,2026-05-04,35-44,Established Active,Midwest,Prefer not to say,Monthly,5,10,knit_upper_durability,Support offered a discount instead of a replacement when the upper wore through. I expected the knit to last at least a season and it did not. Customer service was friendly when I reached out.,Fictional data created for the MarketSignal demo.
R0372,2026-05-14,25-27,Trail Starters,Southeast,Woman,Every 2-3 months,4,9,community_social_proof,"My run club mostly wears other brands, so I hear less about yours. The leggings are still the best I own.",Fictional data created for the MarketSignal demo.
R0373,2026-05-18,22-24,Studio Social,Northeast,Woman,Once a year or less,5,8,sizing_across_categories,"I started buying Northstar in college. A simple size converter between your categories would save me a return every time. Your size chart is one table for everything, but apparel and footwear clearly use different patterns. Not a dealbreaker, but it adds up.",Fictional data created for the MarketSignal demo.
R0374,2026-05-04,35-44,Established Active,Northeast,Woman,Twice a year,1,7,price_vs_value,"I started buying Northstar in college. I compare prices on my phone in the store and usually buy elsewhere. Prices went up but the quality did not, so the value is not there anymore. Not a dealbreaker, but it adds up.",Fictional data created for the MarketSignal demo.
R0375,2026-05-20,45+,Established Active,Southwest,Woman,Twice a year,4,9,delivery_speed,I usually shop the sale section first. I would pay a little extra for two day delivery if it was offered.,Fictional data created for the MarketSignal demo.
R0376,2026-05-16,35-44,Established Active,Southwest,Woman,Twice a year,3,8,lack_of_personalization,The site recommends things that have nothing to do with what I bought. Hoping the next drop is better.,Fictional data created for the MarketSignal demo.
R0377,2026-05-19,22-24,Trail Starters,West,Man,Twice a year,4,8,fit_inconsistency,"My budget is tight so I compare a lot. Tops run boxy and the shorts run tight, which makes building an outfit annoying. I wish your fit notes on the site actually matched how things fit in real life. It is fine, just not special.",Fictional data created for the MarketSignal demo.
R0378,2026-05-21,45+,Established Active,Midwest,Woman,Once a year or less,3,10,sustainability_transparency,I mainly buy leggings and tees. There is no information about repair or recycling old pairs. Customer service was friendly when I reached out.,Fictional data created for the MarketSignal demo.
R0379,2026-05-16,35-44,Established Active,Southeast,Woman,Every 2-3 months,5,4,fit_inconsistency,"My budget is tight so I compare a lot. Fit changes between seasons, so I cannot just reorder what I liked. Honestly I am close to giving up on the brand.",Fictional data created for the MarketSignal demo.
R0380,2026-05-04,22-24,Campus Competitors,West,Man,Every 2-3 months,5,10,fit_inconsistency,"The waist on the joggers is generous but the length is short, so nothing quite works. My last two orders in the same size felt like they came from different brands. The leggings are still the best I own.",Fictional data created for the MarketSignal demo.
R0381,2026-05-17,18-21,Studio Social,Southeast,Woman,Every 2-3 months,2,7,fit_inconsistency,"Fit changes between seasons, so I cannot just reorder what I liked. Not a dealbreaker, but it adds up.",Fictional data created for the MarketSignal demo.
R0382,2026-05-06,22-24,Value Seekers,West,Woman,Twice a year,3,9,price_vs_value,I only buy during sales now because full price feels too high.,Fictional data created for the MarketSignal demo.
R0383,2026-05-04,25-27,Studio Social,Northeast,Man,Monthly,5,2,fit_inconsistency,Every Northstar item I own fits a little differently even when the tag says the same size. That experience really put me off.,Fictional data created for the MarketSignal demo.
R0384,2026-05-16,25-27,Value Seekers,West,Man,Once a year or less,2,6,fit_inconsistency,"Half my returns are because the fit was off, not because I disliked the style. It feels like nobody is listening.",Fictional data created for the MarketSignal demo.
R0385,2026-05-18,25-27,Studio Social,Northeast,Woman,Twice a year,5,9,price_vs_value,I take studio classes three times a week. I compare prices on my phone in the store and usually buy elsewhere. Still my go to brand for training.,Fictional data created for the MarketSignal demo.
R0386,2026-05-17,35-44,Established Active,Northeast,Man,Monthly,4,8,price_vs_value,"If I am paying premium prices I want them to last longer than a semester. It is fine, just not special.",Fictional data created for the MarketSignal demo.
R0387,2026-05-14,25-27,Studio Social,West,Woman,Twice a year,4,7,price_vs_value,I mainly buy leggings and tees. A loyalty discount for students would make a real difference for me. I compare prices on my phone in the store and usually buy elsewhere. Hoping the next drop is better.,Fictional data created for the MarketSignal demo.
R0388,2026-05-14,18-21,Campus Competitors,Midwest,Woman,Every 2-3 months,5,8,lack_of_personalization,"I would happily pay a bit more for shoes made to my foot, maybe 15% more, but only if they arrive as fast as normal ones.",Fictional data created for the MarketSignal demo.
R0389,2026-05-09,22-24,Campus Competitors,Midwest,Man,Once a year or less,2,10,knit_upper_durability,My runners look worn out long before the sole does. I recommend you to friends anyway.,Fictional data created for the MarketSignal demo.
R0390,2026-05-05,18-21,Studio Social,Midwest,Man,Twice a year,5,9,sizing_across_categories,"I run four days a week. I had to size up in the trail shoe but down in the trainer, which makes no sense to me.",Fictional data created for the MarketSignal demo.
R0391,2026-05-17,18-21,Trail Starters,Northeast,Woman,Once a year or less,3,9,sizing_across_categories,Hoodies and joggers from the same collection fit like they were cut for different people. A simple size converter between your categories would save me a return every time. Love the colors this season.,Fictional data created for the MarketSignal demo.
R0392,2026-05-19,25-27,Value Seekers,Midwest,Man,Once a year or less,4,8,delivery_speed,I would pay a little extra for two day delivery if it was offered. I ordered for a race weekend and the package arrived after the race. I keep coming back mostly out of habit.,Fictional data created for the MarketSignal demo.
R0393,2026-05-17,35-44,Established Active,Northeast,Man,Every 2-3 months,4,3,price_vs_value,"A loyalty discount for students would make a real difference for me. Prices went up but the quality did not, so the value is not there anymore.",Fictional data created for the MarketSignal demo.
R0394,2026-05-21,28-34,Established Active,Southeast,Woman,Every 2-3 months,4,8,sizing_across_categories,"I wear different sizes in your tops and bottoms, and the size chart does not explain why. Your size chart is one table for everything, but apparel and footwear clearly use different patterns. Hoping the next drop is better.",Fictional data created for the MarketSignal demo.
R0395,2026-05-09,18-21,Studio Social,Northeast,Woman,Every 2-3 months,2,8,sizing_across_categories,"I wear different sizes in your tops and bottoms, and the size chart does not explain why. I trust the shoe sizing but the apparel sizing is a coin flip.",Fictional data created for the MarketSignal demo.
R0396,2026-05-13,18-21,Trail Starters,West,Woman,Every 2-3 months,4,9,community_social_proof,"Real customer try on videos would help more than polished ads. None of my friends talk about the brand, which makes me hesitate. Love the colors this season.",Fictional data created for the MarketSignal demo.
R0397,2026-05-22,18-21,Campus Competitors,Southeast,Man,Once a year or less,5,8,sustainability_transparency,"I would pick the brand that is honest about its factories, even if it costs a bit more.",Fictional data created for the MarketSignal demo.
R0398,2026-05-17,28-34,Established Active,Midwest,Man,Once a year or less,5,7,sizing_across_categories,"I discovered the brand through friends. Your size chart is one table for everything, but apparel and footwear clearly use different patterns.",Fictional data created for the MarketSignal demo.
R0399,2026-05-10,22-24,Studio Social,Northeast,Man,Every 2-3 months,3,8,price_vs_value,I started buying Northstar in college. Shipping fees on small orders make the total feel like a bad deal. I keep coming back mostly out of habit.,Fictional data created for the MarketSignal demo.
R0400,2026-05-17,18-21,Value Seekers,Southeast,Woman,Once a year or less,2,10,fit_inconsistency,"I usually order online and return in store. Fit changes between seasons, so I cannot just reorder what I liked. The leggings are still the best I own.",Fictional data created for the MarketSignal demo.
R0401,2026-05-14,45+,Established Active,Midwest,Man,Every 2-3 months,2,8,knit_upper_durability,I mostly shop on the app. I expected the knit to last at least a season and it did not.,Fictional data created for the MarketSignal demo.
R0402,2026-05-19,45+,Established Active,Southeast,Woman,Twice a year,1,10,fit_inconsistency,I never know if I am a small or a medium with you until it arrives. The leggings are still the best I own.,Fictional data created for the MarketSignal demo.
R0403,2026-05-04,45+,Established Active,Midwest,Man,Monthly,1,10,community_social_proof,"My run club mostly wears other brands, so I hear less about yours. Overall I am happy and will keep buying.",Fictional data created for the MarketSignal demo.
R0404,2026-05-17,25-27,Studio Social,Southeast,Woman,Twice a year,5,5,fit_inconsistency,"The waist on the joggers is generous but the length is short, so nothing quite works. That experience really put me off.",Fictional data created for the MarketSignal demo.
R0405,2026-05-18,22-24,Campus Competitors,Southeast,Woman,Monthly,3,7,price_vs_value,"I usually shop the sale section first. Shipping fees on small orders make the total feel like a bad deal. Not a dealbreaker, but it adds up.",Fictional data created for the MarketSignal demo.
R0406,2026-05-18,22-24,Value Seekers,Northeast,Man,Once a year or less,3,6,fit_inconsistency,Every Northstar item I own fits a little differently even when the tag says the same size.,Fictional data created for the MarketSignal demo.
R0407,2026-05-12,18-21,Studio Social,Northeast,Man,Every 2-3 months,3,10,price_vs_value,Shipping fees on small orders make the total feel like a bad deal. A loyalty discount for students would make a real difference for me. Overall I am happy and will keep buying.,Fictional data created for the MarketSignal demo.
R0408,2026-05-19,28-34,Established Active,Southwest,Man,Twice a year,2,9,price_vs_value,Similar leggings from the value brands are half the price and almost as good. A loyalty discount for students would make a real difference for me. Customer service was friendly when I reached out.,Fictional data created for the MarketSignal demo.
R0409,2026-05-15,45+,Established Active,West,Man,Twice a year,3,7,delivery_speed,My budget is tight so I compare a lot. The tracking page was not updated for four days. I keep coming back mostly out of habit.,Fictional data created for the MarketSignal demo.
R0410,2026-05-11,22-24,Studio Social,Midwest,Man,Twice a year,5,9,sustainability_transparency,Packaging is excessive for a single pair of socks. The recycled claims are vague and I cannot find any details on the product page. Overall I am happy and will keep buying.,Fictional data created for the MarketSignal demo.
R0411,2026-05-06,28-34,Established Active,Southwest,Woman,Twice a year,5,8,price_vs_value,I mainly buy leggings and tees. A loyalty discount for students would make a real difference for me.,Fictional data created for the MarketSignal demo.
R0412,2026-05-06,25-27,Trail Starters,Midwest,Man,Once a year or less,3,8,fit_inconsistency,"Tops run boxy and the shorts run tight, which makes building an outfit annoying. Fix that and I would buy more often.",Fictional data created for the MarketSignal demo.
R0413,2026-05-07,18-21,Value Seekers,Northeast,Woman,Twice a year,5,10,sizing_across_categories,"Your size chart is one table for everything, but apparel and footwear clearly use different patterns.",Fictional data created for the MarketSignal demo.
R0414,2026-05-08,45+,Established Active,Northeast,Woman,Once a year or less,1,5,knit_upper_durability,I mainly buy leggings and tees. Great comfort out of the box but the upper did not hold up to daily wear. That experience really put me off.,Fictional data created for the MarketSignal demo.
R0415,2026-05-19,28-34,Established Active,Northeast,Man,Every 2-3 months,3,9,price_vs_value,Shipping fees on small orders make the total feel like a bad deal.,Fictional data created for the MarketSignal demo.
R0416,2026-05-07,25-27,Studio Social,Southeast,Man,Every 2-3 months,3,8,fit_inconsistency,"Every Northstar item I own fits a little differently even when the tag says the same size. Not a dealbreaker, but it adds up.",Fictional data created for the MarketSignal demo.
R0417,2026-05-05,18-21,Studio Social,West,Woman,Monthly,5,10,sizing_across_categories,"I wear different sizes in your tops and bottoms, and the size chart does not explain why.",Fictional data created for the MarketSignal demo.
R0418,2026-05-16,22-24,Value Seekers,Midwest,Woman,Once a year or less,3,3,price_vs_value,Shipping fees on small orders make the total feel like a bad deal. I will think twice before ordering again.,Fictional data created for the MarketSignal demo.
R0419,2026-05-05,35-44,Established Active,Northeast,Man,Monthly,2,10,fit_inconsistency,"I usually shop the sale section first. The waist on the joggers is generous but the length is short, so nothing quite works. Still my go to brand for training.",Fictional data created for the MarketSignal demo.
R0420,2026-05-06,18-21,Trail Starters,Midwest,Woman,Every 2-3 months,1,8,lack_of_personalization,Most of my wardrobe is athletic wear. My team wanted matching custom shoes and there was no option for it. I keep coming back mostly out of habit.,Fictional data created for the MarketSignal demo.
R0421,2026-05-11,25-27,Studio Social,West,Man,Once a year or less,3,9,fit_inconsistency,"I shop with you about every couple of months. Fit changes between seasons, so I cannot just reorder what I liked. The same size in two colors of the same legging did not fit the same.",Fictional data created for the MarketSignal demo.
R0422,2026-05-17,22-24,Campus Competitors,Northeast,Woman,Monthly,5,6,price_vs_value,"Prices went up but the quality did not, so the value is not there anymore. I will think twice before ordering again.",Fictional data created for the MarketSignal demo.
R0423,2026-05-07,28-34,Established Active,Midwest,Man,Once a year or less,1,10,knit_upper_durability,Support offered a discount instead of a replacement when the upper wore through. Love the colors this season.,Fictional data created for the MarketSignal demo.
R0424,2026-05-21,18-21,Campus Competitors,Southwest,Man,Once a year or less,3,9,sizing_across_categories,Buying a full outfit means guessing three different sizes.,Fictional data created for the MarketSignal demo.
R0425,2026-05-09,45+,Established Active,Northeast,Man,Every 2-3 months,3,9,community_social_proof,"I discovered the brand through friends. My run club mostly wears other brands, so I hear less about yours. There are not many reviews with photos, so it is hard to judge fit.",Fictional data created for the MarketSignal demo.
R0426,2026-05-05,18-21,Trail Starters,Northeast,Woman,Once a year or less,3,9,sustainability_transparency,Packaging is excessive for a single pair of socks. There is no information about repair or recycling old pairs. Overall I am happy and will keep buying.,Fictional data created for the MarketSignal demo.
R0427,2026-05-19,28-34,Established Active,Southeast,Woman,Monthly,3,9,community_social_proof,I take studio classes three times a week. I would join group runs or events if you hosted any near me. The leggings are still the best I own.,Fictional data created for the MarketSignal demo.
R0428,2026-05-09,18-21,Trail Starters,Midwest,Woman,Every 2-3 months,5,7,lack_of_personalization,Everything looks the same as what everyone else is wearing.,Fictional data created for the MarketSignal demo.
R0429,2026-05-06,35-44,Established Active,Northeast,Man,Monthly,2,10,price_vs_value,"I usually order online and return in store. Prices went up but the quality did not, so the value is not there anymore.",Fictional data created for the MarketSignal demo.
R0430,2026-05-10,18-21,Trail Starters,West,Woman,Twice a year,3,3,knit_upper_durability,There is a small hole forming where my big toe bends after about ten weeks.,Fictional data created for the MarketSignal demo.
R0431,2026-05-13,28-34,Established Active,Northeast,Woman,Twice a year,4,9,delivery_speed,I ordered for a race weekend and the package arrived after the race. The leggings are still the best I own.,Fictional data created for the MarketSignal demo.
R0432,2026-05-06,22-24,Trail Starters,West,Woman,Every 2-3 months,5,3,fit_inconsistency,The same size in two colors of the same legging did not fit the same. It feels like nobody is listening.,Fictional data created for the MarketSignal demo.
R0433,2026-05-14,22-24,Value Seekers,Northeast,Man,Twice a year,5,8,delivery_speed,I shop with you about every couple of months. The tracking page was not updated for four days. Free shipping is great but not if it takes ten days.,Fictional data created for the MarketSignal demo.
R0434,2026-05-14,18-21,Campus Competitors,West,Man,Every 2-3 months,4,7,price_vs_value,I run four days a week. I only buy during sales now because full price feels too high.,Fictional data created for the MarketSignal demo.
R0435,2026-05-04,18-21,Campus Competitors,Southeast,Woman,Once a year or less,4,7,sustainability_transparency,There is no information about repair or recycling old pairs.,Fictional data created for the MarketSignal demo.
R0436,2026-05-11,25-27,Studio Social,West,Man,Once a year or less,4,9,sustainability_transparency,"I want to know what the shoes are made of and where, not just a green label. Tell me the actual percentage of recycled material instead of saying eco friendly.",Fictional data created for the MarketSignal demo.
R0437,2026-05-11,25-27,Value Seekers,West,Man,Every 2-3 months,2,8,price_vs_value,The basics are fairly priced but the footwear feels expensive for what it is. Fix that and I would buy more often.,Fictional data created for the MarketSignal demo.
R0438,2026-05-06,35-44,Established Active,Southeast,Woman,Twice a year,3,9,community_social_proof,I mainly buy leggings and tees. I rarely see your products in my feed or from creators I follow.,Fictional data created for the MarketSignal demo.
R0439,2026-05-05,22-24,Studio Social,West,Woman,Twice a year,4,2,sizing_across_categories,I buy for hiking and weekend runs. I trust the shoe sizing but the apparel sizing is a coin flip.,Fictional data created for the MarketSignal demo.
R0440,2026-05-12,18-21,Campus Competitors,Southwest,Man,Twice a year,5,9,community_social_proof,"I buy for the gym and for class. My run club mostly wears other brands, so I hear less about yours. I rarely see your products in my feed or from creators I follow.",Fictional data created for the MarketSignal demo.
R0441,2026-05-05,18-21,Value Seekers,West,Man,Twice a year,3,9,price_vs_value,If I am paying premium prices I want them to last longer than a semester. The basics are fairly priced but the footwear feels expensive for what it is. Overall I am happy and will keep buying.,Fictional data created for the MarketSignal demo.
R0442,2026-05-14,25-27,Value Seekers,Southwest,Nonbinary,Twice a year,2,7,sizing_across_categories,Buying a full outfit means guessing three different sizes.,Fictional data created for the MarketSignal demo.
R0443,2026-05-16,18-21,Studio Social,Midwest,Man,Monthly,4,7,knit_upper_durability,I mainly buy leggings and tees. Great comfort out of the box but the upper did not hold up to daily wear. Support offered a discount instead of a replacement when the upper wore through. Hoping the next drop is better.,Fictional data created for the MarketSignal demo.
R0444,2026-05-07,28-34,Established Active,Southeast,Woman,Every 2-3 months,4,9,price_vs_value,"I started buying Northstar in college. Prices went up but the quality did not, so the value is not there anymore. I recommend you to friends anyway.",Fictional data created for the MarketSignal demo.
R0445,2026-05-19,35-44,Established Active,West,Man,Twice a year,4,6,delivery_speed,"Delivery took over a week, which is slow compared with other sites I use. Honestly I am close to giving up on the brand.",Fictional data created for the MarketSignal demo.
R0446,2026-05-22,22-24,Value Seekers,Midwest,Woman,Twice a year,5,8,delivery_speed,In store pickup would help because I live near a mall with your store. I keep coming back mostly out of habit.,Fictional data created for the MarketSignal demo.
R0447,2026-05-15,25-27,Value Seekers,Midwest,Woman,Every 2-3 months,3,10,community_social_proof,Real customer try on videos would help more than polished ads.,Fictional data created for the MarketSignal demo.
R0448,2026-05-22,28-34,Established Active,Southeast,Woman,Twice a year,3,10,sustainability_transparency,I looked for a sustainability report and could not find anything recent. Still my go to brand for training.,Fictional data created for the MarketSignal demo.
R0449,2026-05-07,22-24,Campus Competitors,Southwest,Woman,Twice a year,3,7,delivery_speed,The tracking page was not updated for four days.,Fictional data created for the MarketSignal demo.
R0450,2026-05-16,18-21,Value Seekers,Southwest,Man,Twice a year,5,8,sizing_across_categories,"I wear different sizes in your tops and bottoms, and the size chart does not explain why. Hoping the next drop is better.",Fictional data created for the MarketSignal demo.
R0451,2026-05-14,28-34,Established Active,West,Man,Every 2-3 months,1,9,price_vs_value,I discovered the brand through friends. The basics are fairly priced but the footwear feels expensive for what it is. A loyalty discount for students would make a real difference for me. Still my go to brand for training.,Fictional data created for the MarketSignal demo.
R0452,2026-05-08,18-21,Value Seekers,Midwest,Woman,Once a year or less,4,9,fit_inconsistency,The same size in two colors of the same legging did not fit the same.,Fictional data created for the MarketSignal demo.
R0453,2026-05-19,28-34,Established Active,Southeast,Man,Every 2-3 months,5,9,fit_inconsistency,Every Northstar item I own fits a little differently even when the tag says the same size. Customer service was friendly when I reached out.,Fictional data created for the MarketSignal demo.
R0454,2026-05-07,25-27,Value Seekers,Northeast,Man,Every 2-3 months,5,10,delivery_speed,The tracking page was not updated for four days. Overall I am happy and will keep buying.,Fictional data created for the MarketSignal demo.
R0455,2026-05-13,22-24,Value Seekers,Southwest,Man,Every 2-3 months,3,10,community_social_proof,I usually order online and return in store. I would join group runs or events if you hosted any near me. The leggings are still the best I own.,Fictional data created for the MarketSignal demo.
R0456,2026-05-14,25-27,Studio Social,Northeast,Nonbinary,Every 2-3 months,2,10,price_vs_value,"I mostly shop on the app. Prices went up but the quality did not, so the value is not there anymore.",Fictional data created for the MarketSignal demo.
R0457,2026-05-13,28-34,Established Active,Southeast,Man,Twice a year,4,9,price_vs_value,I buy for hiking and weekend runs. Similar leggings from the value brands are half the price and almost as good. If I am paying premium prices I want them to last longer than a semester.,Fictional data created for the MarketSignal demo.
R0458,2026-05-22,18-21,Campus Competitors,Southwest,Man,Every 2-3 months,3,9,sustainability_transparency,"There is no information about repair or recycling old pairs. I would pick the brand that is honest about its factories, even if it costs a bit more.",Fictional data created for the MarketSignal demo.
R0459,2026-05-12,45+,Established Active,Northeast,Woman,Every 2-3 months,4,9,fit_inconsistency,"I shop with you about every couple of months. The new batch of sports bras fits tighter than the old ones in the same size. Tops run boxy and the shorts run tight, which makes building an outfit annoying.",Fictional data created for the MarketSignal demo.
R0460,2026-05-07,18-21,Trail Starters,West,Man,Twice a year,2,9,sustainability_transparency,"I mainly buy leggings and tees. I want to know what the shoes are made of and where, not just a green label.",Fictional data created for the MarketSignal demo.
R0461,2026-05-08,28-34,Established Active,Midwest,Woman,Every 2-3 months,3,9,price_vs_value,Similar leggings from the value brands are half the price and almost as good.,Fictional data created for the MarketSignal demo.
R0462,2026-05-13,18-21,Campus Competitors,Southeast,Woman,Twice a year,2,10,price_vs_value,The basics are fairly priced but the footwear feels expensive for what it is. A loyalty discount for students would make a real difference for me.,Fictional data created for the MarketSignal demo.
R0463,2026-05-06,25-27,Studio Social,Midwest,Man,Once a year or less,5,8,fit_inconsistency,"My budget is tight so I compare a lot. I wish your fit notes on the site actually matched how things fit in real life. Fit changes between seasons, so I cannot just reorder what I liked. Fix that and I would buy more often.",Fictional data created for the MarketSignal demo.
R0464,2026-05-11,18-21,Studio Social,West,Man,Twice a year,2,9,fit_inconsistency,My last two orders in the same size felt like they came from different brands.,Fictional data created for the MarketSignal demo.
R0465,2026-05-08,25-27,Studio Social,West,Man,Every 2-3 months,4,9,fit_inconsistency,"Tops run boxy and the shorts run tight, which makes building an outfit annoying.",Fictional data created for the MarketSignal demo.
R0466,2026-05-17,25-27,Value Seekers,Southwest,Woman,Twice a year,3,8,fit_inconsistency,Most of my wardrobe is athletic wear. Every Northstar item I own fits a little differently even when the tag says the same size.,Fictional data created for the MarketSignal demo.
R0467,2026-05-17,28-34,Established Active,Southeast,Man,Every 2-3 months,5,9,price_vs_value,I compare prices on my phone in the store and usually buy elsewhere. Overall I am happy and will keep buying.,Fictional data created for the MarketSignal demo.
R0468,2026-05-14,22-24,Campus Competitors,Southeast,Woman,Every 2-3 months,5,5,fit_inconsistency,I mostly shop on the app. Every Northstar item I own fits a little differently even when the tag says the same size. I have started buying from other brands.,Fictional data created for the MarketSignal demo.
R0469,2026-05-14,28-34,Established Active,Northeast,Woman,Every 2-3 months,4,9,price_vs_value,Shipping fees on small orders make the total feel like a bad deal.,Fictional data created for the MarketSignal demo.
R0470,2026-05-15,35-44,Established Active,West,Man,Every 2-3 months,3,9,price_vs_value,Most of my wardrobe is athletic wear. I only buy during sales now because full price feels too high. Love the colors this season.,Fictional data created for the MarketSignal demo.
R0471,2026-05-08,18-21,Campus Competitors,West,Nonbinary,Every 2-3 months,2,8,sizing_across_categories,I run four days a week. A simple size converter between your categories would save me a return every time.,Fictional data created for the MarketSignal demo.
R0472,2026-05-08,18-21,Studio Social,Southeast,Man,Monthly,4,8,knit_upper_durability,The knit upper started to fray near the toe within a couple of months. Hoping the next drop is better.,Fictional data created for the MarketSignal demo.
R0473,2026-05-18,35-44,Established Active,West,Man,Twice a year,1,6,sizing_across_categories,"Buying a full outfit means guessing three different sizes. Your size chart is one table for everything, but apparel and footwear clearly use different patterns.",Fictional data created for the MarketSignal demo.
R0474,2026-05-16,28-34,Established Active,West,Man,Twice a year,5,8,price_vs_value,If I am paying premium prices I want them to last longer than a semester. I keep coming back mostly out of habit.,Fictional data created for the MarketSignal demo.
R0475,2026-05-20,28-34,Established Active,Northeast,Man,Monthly,5,9,knit_upper_durability,Support offered a discount instead of a replacement when the upper wore through. Customer service was friendly when I reached out.,Fictional data created for the MarketSignal demo.
R0476,2026-05-15,28-34,Established Active,Southwest,Woman,Every 2-3 months,3,9,delivery_speed,I ordered for a race weekend and the package arrived after the race. Free shipping is great but not if it takes ten days.,Fictional data created for the MarketSignal demo.
R0477,2026-05-08,22-24,Value Seekers,Southwest,Man,Every 2-3 months,5,8,sustainability_transparency,"I usually order online and return in store. The recycled claims are vague and I cannot find any details on the product page. I want to know what the shoes are made of and where, not just a green label. Not a dealbreaker, but it adds up.",Fictional data created for the MarketSignal demo.
R0478,2026-05-13,18-21,Campus Competitors,Northeast,Man,Twice a year,5,10,fit_inconsistency,"Tops run boxy and the shorts run tight, which makes building an outfit annoying.",Fictional data created for the MarketSignal demo.
R0479,2026-05-17,35-44,Established Active,Midwest,Man,Twice a year,4,6,price_vs_value,I usually order online and return in store. I only buy during sales now because full price feels too high. Similar leggings from the value brands are half the price and almost as good.,Fictional data created for the MarketSignal demo.
R0480,2026-05-17,18-21,Campus Competitors,Southeast,Man,Once a year or less,2,6,fit_inconsistency,I buy for the gym and for class. My last two orders in the same size felt like they came from different brands.,Fictional data created for the MarketSignal demo.
R0481,2026-05-21,22-24,Trail Starters,Midwest,Woman,Every 2-3 months,5,2,knit_upper_durability,There is a small hole forming where my big toe bends after about ten weeks. The knit upper started to fray near the toe within a couple of months. That experience really put me off.,Fictional data created for the MarketSignal demo.
R0482,2026-05-08,25-27,Value Seekers,Midwest,Woman,Twice a year,5,7,price_vs_value,My budget is tight so I compare a lot. I only buy during sales now because full price feels too high.,Fictional data created for the MarketSignal demo.
R0483,2026-05-11,25-27,Studio Social,West,Man,Monthly,5,8,fit_inconsistency,"The same size in two colors of the same legging did not fit the same. Tops run boxy and the shorts run tight, which makes building an outfit annoying. Hoping the next drop is better.",Fictional data created for the MarketSignal demo.
R0484,2026-05-10,18-21,Value Seekers,Northeast,Man,Every 2-3 months,5,9,lack_of_personalization,I started buying Northstar in college. I would love to customize colors or add my initials like I can with other brands. I recommend you to friends anyway.,Fictional data created for the MarketSignal demo.
R0485,2026-05-09,18-21,Campus Competitors,Northeast,Woman,Every 2-3 months,1,8,knit_upper_durability,Great comfort out of the box but the upper did not hold up to daily wear. Fix that and I would buy more often.,Fictional data created for the MarketSignal demo.
R0486,2026-05-08,22-24,Value Seekers,Southeast,Man,Once a year or less,4,8,fit_inconsistency,"Tops run boxy and the shorts run tight, which makes building an outfit annoying. Fit changes between seasons, so I cannot just reorder what I liked.",Fictional data created for the MarketSignal demo.
R0487,2026-05-12,35-44,Established Active,Southwest,Man,Every 2-3 months,3,8,fit_inconsistency,"Tops run boxy and the shorts run tight, which makes building an outfit annoying. Hoping the next drop is better.",Fictional data created for the MarketSignal demo.
R0488,2026-05-11,25-27,Studio Social,Midwest,Woman,Twice a year,5,10,lack_of_personalization,I usually shop the sale section first. I would love to customize colors or add my initials like I can with other brands.,Fictional data created for the MarketSignal demo.
R0489,2026-05-07,28-34,Established Active,Midwest,Woman,Once a year or less,3,10,knit_upper_durability,I take studio classes three times a week. Support offered a discount instead of a replacement when the upper wore through.,Fictional data created for the MarketSignal demo.
R0490,2026-05-17,28-34,Established Active,Midwest,Woman,Every 2-3 months,1,7,fit_inconsistency,I never know if I am a small or a medium with you until it arrives. Fix that and I would buy more often.,Fictional data created for the MarketSignal demo.
R0491,2026-05-12,28-34,Established Active,Southeast,Man,Once a year or less,1,8,sustainability_transparency,"I would pick the brand that is honest about its factories, even if it costs a bit more. Fix that and I would buy more often.",Fictional data created for the MarketSignal demo.
R0492,2026-05-05,18-21,Studio Social,Southwest,Woman,Once a year or less,4,4,sustainability_transparency,There is no information about repair or recycling old pairs. I looked for a sustainability report and could not find anything recent. Honestly I am close to giving up on the brand.,Fictional data created for the MarketSignal demo.
R0493,2026-05-11,28-34,Established Active,Southwest,Man,Twice a year,1,8,fit_inconsistency,"I play club volleyball and train most days. Fit changes between seasons, so I cannot just reorder what I liked.",Fictional data created for the MarketSignal demo.
R0494,2026-05-19,22-24,Trail Starters,Midwest,Woman,Once a year or less,3,8,price_vs_value,My budget is tight so I compare a lot. Shipping fees on small orders make the total feel like a bad deal. Hoping the next drop is better.,Fictional data created for the MarketSignal demo.
R0495,2026-05-11,18-21,Value Seekers,Midwest,Woman,Twice a year,4,8,lack_of_personalization,"A way to save my fit preferences and get recommendations would be nice. It is fine, just not special.",Fictional data created for the MarketSignal demo.
R0496,2026-05-06,35-44,Established Active,Southwest,Man,Twice a year,1,10,fit_inconsistency,"The new batch of sports bras fits tighter than the old ones in the same size. Tops run boxy and the shorts run tight, which makes building an outfit annoying. I recommend you to friends anyway.",Fictional data created for the MarketSignal demo.
R0497,2026-05-08,22-24,Studio Social,Northeast,Man,Monthly,4,9,fit_inconsistency,I usually order online and return in store. The same size in two colors of the same legging did not fit the same. I never know if I am a small or a medium with you until it arrives.,Fictional data created for the MarketSignal demo.
R0498,2026-05-04,22-24,Campus Competitors,West,Man,Once a year or less,5,9,knit_upper_durability,I usually shop the sale section first. Great comfort out of the box but the upper did not hold up to daily wear. Love the colors this season.,Fictional data created for the MarketSignal demo.
R0499,2026-05-22,35-44,Established Active,Northeast,Man,Every 2-3 months,5,7,fit_inconsistency,"I never know if I am a small or a medium with you until it arrives. It is fine, just not special.",Fictional data created for the MarketSignal demo.
R0500,2026-05-22,25-27,Value Seekers,West,Woman,Once a year or less,5,9,price_vs_value,"Prices went up but the quality did not, so the value is not there anymore. Overall I am happy and will keep buying.",Fictional data created for the MarketSignal demo.
R0501,2026-05-13,25-27,Trail Starters,West,Woman,Once a year or less,5,9,fit_inconsistency,I take studio classes three times a week. I wish your fit notes on the site actually matched how things fit in real life. Overall I am happy and will keep buying.,Fictional data created for the MarketSignal demo.
R0502,2026-05-15,45+,Established Active,Northeast,Woman,Monthly,4,8,knit_upper_durability,Support offered a discount instead of a replacement when the upper wore through. The knit upper started to fray near the toe within a couple of months. I keep coming back mostly out of habit.,Fictional data created for the MarketSignal demo.
R0503,2026-05-06,28-34,Established Active,Southwest,Woman,Every 2-3 months,5,8,sizing_across_categories,"I had to size up in the trail shoe but down in the trainer, which makes no sense to me. Your size chart is one table for everything, but apparel and footwear clearly use different patterns. Hoping the next drop is better.",Fictional data created for the MarketSignal demo.
R0504,2026-05-08,18-21,Studio Social,West,Woman,Every 2-3 months,4,8,knit_upper_durability,I started buying Northstar in college. There is a small hole forming where my big toe bends after about ten weeks. My runners look worn out long before the sole does. Hoping the next drop is better.,Fictional data created for the MarketSignal demo.
R0505,2026-05-05,25-27,Studio Social,Southwest,Man,Twice a year,5,7,knit_upper_durability,"The fabric pilled after a few washes, which is not great at this price.",Fictional data created for the MarketSignal demo.
R0506,2026-05-07,22-24,Campus Competitors,Southwest,Man,Twice a year,4,8,price_vs_value,I shop with you about every couple of months. If I am paying premium prices I want them to last longer than a semester. I compare prices on my phone in the store and usually buy elsewhere. Hoping the next drop is better.,Fictional data created for the MarketSignal demo.
R0507,2026-05-04,18-21,Studio Social,West,Woman,Monthly,2,9,sustainability_transparency,Packaging is excessive for a single pair of socks. The recycled claims are vague and I cannot find any details on the product page.,Fictional data created for the MarketSignal demo.
R0508,2026-05-16,18-21,Value Seekers,West,Woman,Monthly,4,7,knit_upper_durability,My runners look worn out long before the sole does. Great comfort out of the box but the upper did not hold up to daily wear. Fix that and I would buy more often.,Fictional data created for the MarketSignal demo.
R0509,2026-05-17,18-21,Campus Competitors,Southeast,Man,Monthly,5,7,price_vs_value,"Most of my wardrobe is athletic wear. Shipping fees on small orders make the total feel like a bad deal. It is fine, just not special.",Fictional data created for the MarketSignal demo.
R0510,2026-05-20,22-24,Trail Starters,Midwest,Woman,Every 2-3 months,5,8,fit_inconsistency,Most of my wardrobe is athletic wear. The same size in two colors of the same legging did not fit the same. Hoping the next drop is better.,Fictional data created for the MarketSignal demo.
R0511,2026-05-19,28-34,Established Active,Midwest,Woman,Monthly,4,9,fit_inconsistency,I wish your fit notes on the site actually matched how things fit in real life. Still my go to brand for training.,Fictional data created for the MarketSignal demo.
R0512,2026-05-04,25-27,Trail Starters,Southwest,Woman,Twice a year,4,8,fit_inconsistency,I started buying Northstar in college. My last two orders in the same size felt like they came from different brands. Fix that and I would buy more often.,Fictional data created for the MarketSignal demo.
R0513,2026-05-07,18-21,Campus Competitors,Northeast,Woman,Once a year or less,5,7,fit_inconsistency,I never know if I am a small or a medium with you until it arrives.,Fictional data created for the MarketSignal demo.
R0514,2026-05-17,28-34,Established Active,Southwest,Woman,Twice a year,3,7,fit_inconsistency,"Fit changes between seasons, so I cannot just reorder what I liked. Fix that and I would buy more often.",Fictional data created for the MarketSignal demo.
R0515,2026-05-06,25-27,Value Seekers,Northeast,Woman,Every 2-3 months,4,8,fit_inconsistency,"I take studio classes three times a week. The new batch of sports bras fits tighter than the old ones in the same size. Not a dealbreaker, but it adds up.",Fictional data created for the MarketSignal demo.
R0516,2026-05-20,45+,Established Active,Midwest,Woman,Every 2-3 months,3,7,sizing_across_categories,"Your size chart is one table for everything, but apparel and footwear clearly use different patterns. It is fine, just not special.",Fictional data created for the MarketSignal demo.
R0517,2026-05-12,22-24,Trail Starters,West,Man,Once a year or less,5,8,sustainability_transparency,"I mainly buy leggings and tees. I would pick the brand that is honest about its factories, even if it costs a bit more. I keep coming back mostly out of habit.",Fictional data created for the MarketSignal demo.
R0518,2026-05-10,18-21,Campus Competitors,Southwest,Man,Every 2-3 months,2,8,lack_of_personalization,A way to save my fit preferences and get recommendations would be nice. I keep coming back mostly out of habit.,Fictional data created for the MarketSignal demo.
R0519,2026-05-18,18-21,Trail Starters,Midwest,Nonbinary,Monthly,5,9,knit_upper_durability,"The fabric pilled after a few washes, which is not great at this price. The mesh tore at the flex point and I only use them for the gym and walking. Love the colors this season.",Fictional data created for the MarketSignal demo.
R0520,2026-05-16,22-24,Campus Competitors,Northeast,Man,Monthly,4,6,knit_upper_durability,My runners look worn out long before the sole does.,Fictional data created for the MarketSignal demo.
R0521,2026-05-20,22-24,Trail Starters,Midwest,Man,Every 2-3 months,5,8,knit_upper_durability,The knit on my runners split after six weeks and support told me it was normal wear. Not buying that line again.,Fictional data created for the MarketSignal demo.
R0522,2026-05-12,45+,Established Active,Northeast,Woman,Twice a year,5,8,delivery_speed,I play club volleyball and train most days. I ordered for a race weekend and the package arrived after the race. Free shipping is great but not if it takes ten days.,Fictional data created for the MarketSignal demo.
R0523,2026-05-15,18-21,Value Seekers,West,Woman,Every 2-3 months,1,7,fit_inconsistency,"Tops run boxy and the shorts run tight, which makes building an outfit annoying. Fix that and I would buy more often.",Fictional data created for the MarketSignal demo.
R0524,2026-05-20,45+,Established Active,Northeast,Man,Twice a year,2,9,sizing_across_categories,"Your size chart is one table for everything, but apparel and footwear clearly use different patterns. Customer service was friendly when I reached out.",Fictional data created for the MarketSignal demo.
R0525,2026-05-11,22-24,Studio Social,Northeast,Man,Every 2-3 months,5,8,knit_upper_durability,I discovered the brand through friends. Great comfort out of the box but the upper did not hold up to daily wear. Fix that and I would buy more often.,Fictional data created for the MarketSignal demo.
R0526,2026-05-07,25-27,Value Seekers,West,Woman,Every 2-3 months,5,6,community_social_proof,"There are not many reviews with photos, so it is hard to judge fit.",Fictional data created for the MarketSignal demo.
R0527,2026-05-10,25-27,Value Seekers,Southeast,Woman,Monthly,4,8,sizing_across_categories,I run four days a week. Hoodies and joggers from the same collection fit like they were cut for different people. Fix that and I would buy more often.,Fictional data created for the MarketSignal demo.
R0528,2026-05-20,18-21,Campus Competitors,Northeast,Woman,Twice a year,4,9,fit_inconsistency,"Half my returns are because the fit was off, not because I disliked the style. Still my go to brand for training.",Fictional data created for the MarketSignal demo.
R0529,2026-05-06,18-21,Studio Social,Midwest,Woman,Twice a year,3,6,price_vs_value,Similar leggings from the value brands are half the price and almost as good.,Fictional data created for the MarketSignal demo.
R0530,2026-05-13,45+,Established Active,Southwest,Woman,Twice a year,5,7,sustainability_transparency,I buy for the gym and for class. Tell me the actual percentage of recycled material instead of saying eco friendly. Fix that and I would buy more often.,Fictional data created for the MarketSignal demo.
R0531,2026-05-18,18-21,Campus Competitors,Southwest,Woman,Once a year or less,4,10,fit_inconsistency,My last two orders in the same size felt like they came from different brands.,Fictional data created for the MarketSignal demo.
R0532,2026-05-06,25-27,Value Seekers,Northeast,Man,Every 2-3 months,3,8,sizing_across_categories,"I usually order online and return in store. I wear different sizes in your tops and bottoms, and the size chart does not explain why. It is fine, just not special.",Fictional data created for the MarketSignal demo.
R0533,2026-05-12,25-27,Trail Starters,West,Man,Once a year or less,5,9,lack_of_personalization,I usually order online and return in store. The site recommends things that have nothing to do with what I bought.,Fictional data created for the MarketSignal demo.
R0534,2026-05-18,18-21,Studio Social,Midwest,Man,Twice a year,4,8,price_vs_value,If I am paying premium prices I want them to last longer than a semester. I keep coming back mostly out of habit.,Fictional data created for the MarketSignal demo.
R0535,2026-05-11,28-34,Established Active,Northeast,Woman,Twice a year,2,7,knit_upper_durability,I buy for the gym and for class. Support offered a discount instead of a replacement when the upper wore through. Hoping the next drop is better.,Fictional data created for the MarketSignal demo.
R0536,2026-05-10,28-34,Established Active,Midwest,Woman,Twice a year,5,8,delivery_speed,"I ordered for a race weekend and the package arrived after the race. It is fine, just not special.",Fictional data created for the MarketSignal demo.
R0537,2026-05-12,22-24,Studio Social,Southwest,Woman,Every 2-3 months,4,9,community_social_proof,"There are not many reviews with photos, so it is hard to judge fit. My run club mostly wears other brands, so I hear less about yours. Still my go to brand for training.",Fictional data created for the MarketSignal demo.
R0538,2026-05-18,18-21,Value Seekers,West,Woman,Once a year or less,3,7,fit_inconsistency,My budget is tight so I compare a lot. Every Northstar item I own fits a little differently even when the tag says the same size. I keep coming back mostly out of habit.,Fictional data created for the MarketSignal demo.
R0539,2026-05-14,45+,Established Active,Northeast,Nonbinary,Twice a year,3,5,price_vs_value,I run four days a week. Shipping fees on small orders make the total feel like a bad deal. Honestly I am close to giving up on the brand.,Fictional data created for the MarketSignal demo.
R0540,2026-05-04,28-34,Established Active,Southwest,Woman,Once a year or less,3,9,fit_inconsistency,"I take studio classes three times a week. Fit changes between seasons, so I cannot just reorder what I liked. My last two orders in the same size felt like they came from different brands. Customer service was friendly when I reached out.",Fictional data created for the MarketSignal demo.
R0541,2026-05-08,22-24,Studio Social,West,Woman,Once a year or less,3,8,price_vs_value,"I usually shop the sale section first. I compare prices on my phone in the store and usually buy elsewhere. Shipping fees on small orders make the total feel like a bad deal. Not a dealbreaker, but it adds up.",Fictional data created for the MarketSignal demo.
R0542,2026-05-11,18-21,Studio Social,Southwest,Man,Every 2-3 months,3,7,knit_upper_durability,My runners look worn out long before the sole does.,Fictional data created for the MarketSignal demo.
R0543,2026-05-04,18-21,Value Seekers,Midwest,Nonbinary,Twice a year,5,7,fit_inconsistency,"The waist on the joggers is generous but the length is short, so nothing quite works. Tops run boxy and the shorts run tight, which makes building an outfit annoying. Hoping the next drop is better.",Fictional data created for the MarketSignal demo.
R0544,2026-05-15,18-21,Campus Competitors,West,Woman,Every 2-3 months,4,10,sizing_across_categories,A simple size converter between your categories would save me a return every time.,Fictional data created for the MarketSignal demo.
R0545,2026-05-18,25-27,Value Seekers,Southeast,Woman,Every 2-3 months,5,4,community_social_proof,I run four days a week. I rarely see your products in my feed or from creators I follow.,Fictional data created for the MarketSignal demo.
R0546,2026-05-13,18-21,Trail Starters,West,Woman,Twice a year,5,10,sustainability_transparency,The recycled claims are vague and I cannot find any details on the product page. Customer service was friendly when I reached out.,Fictional data created for the MarketSignal demo.
R0547,2026-05-15,25-27,Trail Starters,Southeast,Woman,Once a year or less,5,10,price_vs_value,I compare prices on my phone in the store and usually buy elsewhere. Shipping fees on small orders make the total feel like a bad deal. I recommend you to friends anyway.,Fictional data created for the MarketSignal demo.
R0548,2026-05-20,25-27,Value Seekers,Midwest,Woman,Every 2-3 months,4,5,fit_inconsistency,I wish your fit notes on the site actually matched how things fit in real life. It feels like nobody is listening.,Fictional data created for the MarketSignal demo.
R0549,2026-05-07,22-24,Studio Social,Midwest,Woman,Twice a year,2,9,fit_inconsistency,Every Northstar item I own fits a little differently even when the tag says the same size. I never know if I am a small or a medium with you until it arrives. Still my go to brand for training.,Fictional data created for the MarketSignal demo.
R0550,2026-05-11,18-21,Campus Competitors,Southwest,Woman,Monthly,4,9,knit_upper_durability,Great comfort out of the box but the upper did not hold up to daily wear.,Fictional data created for the MarketSignal demo.
R0551,2026-05-09,25-27,Trail Starters,West,Woman,Twice a year,4,9,fit_inconsistency,My last two orders in the same size felt like they came from different brands. The leggings are still the best I own.,Fictional data created for the MarketSignal demo.
R0552,2026-05-12,35-44,Established Active,West,Man,Every 2-3 months,4,8,fit_inconsistency,"I discovered the brand through friends. My last two orders in the same size felt like they came from different brands. Not a dealbreaker, but it adds up.",Fictional data created for the MarketSignal demo.
R0553,2026-05-15,18-21,Campus Competitors,Southeast,Man,Every 2-3 months,5,8,community_social_proof,I discovered the brand through friends. Real customer try on videos would help more than polished ads.,Fictional data created for the MarketSignal demo.
R0554,2026-05-19,25-27,Studio Social,Southeast,Prefer not to say,Every 2-3 months,5,9,delivery_speed,I usually order online and return in store. The order was split into three packages arriving on different days. Overall I am happy and will keep buying.,Fictional data created for the MarketSignal demo.
R0555,2026-05-15,22-24,Value Seekers,Southeast,Woman,Every 2-3 months,1,10,knit_upper_durability,I buy for the gym and for class. The mesh tore at the flex point and I only use them for the gym and walking.,Fictional data created for the MarketSignal demo.
R0556,2026-05-09,22-24,Value Seekers,Southeast,Woman,Once a year or less,5,8,knit_upper_durability,I expected the knit to last at least a season and it did not.,Fictional data created for the MarketSignal demo.
R0557,2026-05-20,18-21,Value Seekers,Northeast,Woman,Every 2-3 months,4,5,sizing_across_categories,My shoe size in your running line is not my size in your court shoes. That experience really put me off.,Fictional data created for the MarketSignal demo.
R0558,2026-05-04,18-21,Value Seekers,Northeast,Man,Twice a year,5,7,knit_upper_durability,"The fabric pilled after a few washes, which is not great at this price. Hoping the next drop is better.",Fictional data created for the MarketSignal demo.
R0559,2026-05-10,22-24,Studio Social,Southeast,Man,Twice a year,4,9,fit_inconsistency,I take studio classes three times a week. I wish your fit notes on the site actually matched how things fit in real life.,Fictional data created for the MarketSignal demo.
R0560,2026-05-15,25-27,Studio Social,Northeast,Woman,Twice a year,4,7,fit_inconsistency,"The waist on the joggers is generous but the length is short, so nothing quite works.",Fictional data created for the MarketSignal demo.
R0561,2026-05-08,22-24,Campus Competitors,Midwest,Man,Twice a year,4,8,knit_upper_durability,"The fabric pilled after a few washes, which is not great at this price.",Fictional data created for the MarketSignal demo.
R0562,2026-05-05,25-27,Studio Social,Midwest,Man,Monthly,5,10,sizing_across_categories,"I buy for hiking and weekend runs. I wear different sizes in your tops and bottoms, and the size chart does not explain why. I recommend you to friends anyway.",Fictional data created for the MarketSignal demo.
R0563,2026-05-20,35-44,Established Active,West,Nonbinary,Every 2-3 months,4,10,fit_inconsistency,"The new batch of sports bras fits tighter than the old ones in the same size. Tops run boxy and the shorts run tight, which makes building an outfit annoying. I recommend you to friends anyway.",Fictional data created for the MarketSignal demo.
R0564,2026-05-21,22-24,Studio Social,Northeast,Man,Every 2-3 months,4,9,sizing_across_categories,Most of my wardrobe is athletic wear. My shoe size in your running line is not my size in your court shoes.,Fictional data created for the MarketSignal demo.
R0565,2026-05-21,35-44,Established Active,West,Woman,Twice a year,2,10,price_vs_value,Shipping fees on small orders make the total feel like a bad deal. I only buy during sales now because full price feels too high. Overall I am happy and will keep buying.,Fictional data created for the MarketSignal demo.
R0566,2026-05-16,25-27,Studio Social,West,Woman,Twice a year,5,8,fit_inconsistency,I usually shop the sale section first. I wish your fit notes on the site actually matched how things fit in real life.,Fictional data created for the MarketSignal demo.
R0567,2026-05-07,18-21,Trail Starters,West,Man,Twice a year,5,4,fit_inconsistency,"I buy for the gym and for class. The waist on the joggers is generous but the length is short, so nothing quite works. Honestly I am close to giving up on the brand.",Fictional data created for the MarketSignal demo.
R0568,2026-05-19,22-24,Campus Competitors,West,Man,Monthly,5,8,price_vs_value,My budget is tight so I compare a lot. I compare prices on my phone in the store and usually buy elsewhere. If I am paying premium prices I want them to last longer than a semester.,Fictional data created for the MarketSignal demo.
R0569,2026-05-12,18-21,Studio Social,Southwest,Man,Every 2-3 months,4,9,price_vs_value,"Prices went up but the quality did not, so the value is not there anymore. I compare prices on my phone in the store and usually buy elsewhere.",Fictional data created for the MarketSignal demo.
R0570,2026-05-15,22-24,Value Seekers,West,Man,Once a year or less,3,9,fit_inconsistency,"Tops run boxy and the shorts run tight, which makes building an outfit annoying. Love the colors this season.",Fictional data created for the MarketSignal demo.
R0571,2026-05-14,22-24,Value Seekers,Southeast,Man,Monthly,5,8,fit_inconsistency,"Fit changes between seasons, so I cannot just reorder what I liked.",Fictional data created for the MarketSignal demo.
R0572,2026-05-06,22-24,Studio Social,Southeast,Woman,Twice a year,5,9,price_vs_value,A loyalty discount for students would make a real difference for me. Customer service was friendly when I reached out.,Fictional data created for the MarketSignal demo.
R0573,2026-05-19,28-34,Established Active,West,Man,Monthly,4,9,price_vs_value,"Prices went up but the quality did not, so the value is not there anymore. Love the colors this season.",Fictional data created for the MarketSignal demo.
R0574,2026-05-17,18-21,Campus Competitors,Southwest,Woman,Every 2-3 months,4,9,delivery_speed,"Delivery took over a week, which is slow compared with other sites I use. I recommend you to friends anyway.",Fictional data created for the MarketSignal demo.
R0575,2026-05-14,45+,Established Active,Midwest,Man,Every 2-3 months,4,8,sustainability_transparency,The recycled claims are vague and I cannot find any details on the product page. There is no information about repair or recycling old pairs. Fix that and I would buy more often.,Fictional data created for the MarketSignal demo.
R0576,2026-05-05,22-24,Studio Social,Southeast,Man,Twice a year,4,7,sustainability_transparency,My budget is tight so I compare a lot. The recycled claims are vague and I cannot find any details on the product page. Fix that and I would buy more often.,Fictional data created for the MarketSignal demo.
R0577,2026-05-13,35-44,Established Active,West,Woman,Twice a year,3,9,sizing_across_categories,I started buying Northstar in college. A simple size converter between your categories would save me a return every time. Love the colors this season.,Fictional data created for the MarketSignal demo.
R0578,2026-05-20,28-34,Established Active,Northeast,Woman,Every 2-3 months,1,9,sustainability_transparency,The recycled claims are vague and I cannot find any details on the product page. Overall I am happy and will keep buying.,Fictional data created for the MarketSignal demo.
R0579,2026-05-05,45+,Established Active,Midwest,Woman,Monthly,4,8,fit_inconsistency,My budget is tight so I compare a lot. I wish your fit notes on the site actually matched how things fit in real life.,Fictional data created for the MarketSignal demo.
R0580,2026-05-12,25-27,Studio Social,Midwest,Man,Twice a year,5,10,lack_of_personalization,A way to save my fit preferences and get recommendations would be nice. The site recommends things that have nothing to do with what I bought. Still my go to brand for training.,Fictional data created for the MarketSignal demo.
R0581,2026-05-19,28-34,Established Active,Northeast,Woman,Monthly,4,9,price_vs_value,I shop with you about every couple of months. The basics are fairly priced but the footwear feels expensive for what it is.,Fictional data created for the MarketSignal demo.
R0582,2026-05-22,25-27,Trail Starters,Southeast,Man,Twice a year,4,8,community_social_proof,I would join group runs or events if you hosted any near me. I keep coming back mostly out of habit.,Fictional data created for the MarketSignal demo.
R0583,2026-05-20,22-24,Trail Starters,Southeast,Woman,Every 2-3 months,5,6,price_vs_value,I usually order online and return in store. I only buy during sales now because full price feels too high.,Fictional data created for the MarketSignal demo.
R0584,2026-05-04,25-27,Value Seekers,Northeast,Woman,Every 2-3 months,4,9,knit_upper_durability,Great comfort out of the box but the upper did not hold up to daily wear. Still my go to brand for training.,Fictional data created for the MarketSignal demo.
R0585,2026-05-04,28-34,Established Active,Southeast,Woman,Twice a year,5,10,fit_inconsistency,"Fit changes between seasons, so I cannot just reorder what I liked. I wish your fit notes on the site actually matched how things fit in real life.",Fictional data created for the MarketSignal demo.
R0586,2026-05-07,25-27,Trail Starters,West,Woman,Every 2-3 months,1,7,fit_inconsistency,"The waist on the joggers is generous but the length is short, so nothing quite works.",Fictional data created for the MarketSignal demo.
R0587,2026-05-06,45+,Established Active,Midwest,Woman,Once a year or less,2,9,lack_of_personalization,I buy for hiking and weekend runs. I would love to customize colors or add my initials like I can with other brands.,Fictional data created for the MarketSignal demo.
R0588,2026-05-18,35-44,Established Active,Northeast,Man,Once a year or less,3,9,community_social_proof,"Real customer try on videos would help more than polished ads. There are not many reviews with photos, so it is hard to judge fit.",Fictional data created for the MarketSignal demo.
R0589,2026-05-13,28-34,Established Active,Northeast,Man,Twice a year,2,9,price_vs_value,I shop with you about every couple of months. A loyalty discount for students would make a real difference for me.,Fictional data created for the MarketSignal demo.
R0590,2026-05-21,22-24,Studio Social,Southeast,Nonbinary,Twice a year,4,2,fit_inconsistency,"I buy for the gym and for class. Tops run boxy and the shorts run tight, which makes building an outfit annoying.",Fictional data created for the MarketSignal demo.
R0591,2026-05-15,18-21,Campus Competitors,Midwest,Woman,Every 2-3 months,4,8,lack_of_personalization,The site recommends things that have nothing to do with what I bought. Fix that and I would buy more often.,Fictional data created for the MarketSignal demo.
R0592,2026-05-17,35-44,Established Active,West,Woman,Every 2-3 months,2,4,sustainability_transparency,I usually shop the sale section first. Packaging is excessive for a single pair of socks. Tell me the actual percentage of recycled material instead of saying eco friendly.,Fictional data created for the MarketSignal demo.
R0593,2026-05-13,18-21,Value Seekers,Southwest,Woman,Once a year or less,3,7,price_vs_value,I run four days a week. A loyalty discount for students would make a real difference for me. Hoping the next drop is better.,Fictional data created for the MarketSignal demo.
R0594,2026-05-20,35-44,Established Active,Southwest,Woman,Twice a year,5,9,price_vs_value,I only buy during sales now because full price feels too high. The basics are fairly priced but the footwear feels expensive for what it is. Overall I am happy and will keep buying.,Fictional data created for the MarketSignal demo.
R0595,2026-05-13,22-24,Campus Competitors,Midwest,Woman,Every 2-3 months,5,9,lack_of_personalization,I would try a made for me option if it did not take forever. Customer service was friendly when I reached out.,Fictional data created for the MarketSignal demo.
R0596,2026-05-17,28-34,Established Active,Southwest,Woman,Twice a year,4,8,price_vs_value,"Most of my wardrobe is athletic wear. I compare prices on my phone in the store and usually buy elsewhere. It is fine, just not special.",Fictional data created for the MarketSignal demo.
R0597,2026-05-19,25-27,Studio Social,West,Woman,Every 2-3 months,4,9,delivery_speed,The tracking page was not updated for four days. The leggings are still the best I own.,Fictional data created for the MarketSignal demo.
R0598,2026-05-18,25-27,Value Seekers,Northeast,Woman,Once a year or less,5,9,fit_inconsistency,"I shop with you about every couple of months. I wish your fit notes on the site actually matched how things fit in real life. Fit changes between seasons, so I cannot just reorder what I liked. Still my go to brand for training.",Fictional data created for the MarketSignal demo.
R0599,2026-05-04,18-21,Campus Competitors,Southeast,Woman,Once a year or less,3,8,delivery_speed,I mainly buy leggings and tees. I would pay a little extra for two day delivery if it was offered.,Fictional data created for the MarketSignal demo.
R0600,2026-05-22,25-27,Studio Social,West,Man,Monthly,4,6,sizing_across_categories,My shoe size in your running line is not my size in your court shoes. That experience really put me off.,Fictional data created for the MarketSignal demo.
